Path,Classification,RtmCoverage,Notes
scripts/auditCustomizationGovernance.js,mapped,Yes,Customization governance audit script for AGENTS and customization drift prevention; mapped to VHS-REQ-615.
scripts/auditRequirementVerificationLinkage.js,mapped,Yes,Requirement verification-linkage report; advisory (exit 0); lists Active requirements whose verification-reference tests do not cite the requirement ID; mapped to VHS-REQ-601.
scripts/auditRequirementCriteriaInventory.js,mapped,Yes,Requirement acceptance-criteria inventory report; advisory (exit 0); assigns positional VHS-REQ-NNN.M ids and reports criterion-level citation; mapped to VHS-REQ-601.
scripts/verifyRequirementsHealth.js,mapped,Yes,Unified requirement verification-health report; advisory (exit 0); aggregates structural integrity linkage criterion citation coverage risk and mutation into one per-requirement signal; mapped to VHS-REQ-601.
scripts/exportRequirementsManifest.js,mapped,Yes,Versioned requirements manifest exporter; serializes active SRS/RTM requirements into out/requirements/requirements-manifest.json stamped with extension version commit and a stable content digest so the VSIX ships the requirements it was built from; mapped to VHS-REQ-601.
scripts/buildRiskLedger.js,mapped,Yes,Ranked risk-ledger aggregator; combines coverage requirement-health and optional standards signals into one advisory ledger with a single selectable next target and a parked platform-proof awareness list; mapped to VHS-REQ-601.
scripts/auditTraceabilitySteward.js,mapped,Yes,Traceability steward audit script; mapped through RTM.
scripts/checkRequirementsCsvColumns.js,mapped,Yes,Requirements CSV column-integrity guard; fails closed on any row whose column count differs from its header and prints the contract plus validated requirement IDs to the CI run summary; mapped to VHS-REQ-601.
scripts/checkRequirementsIntegrity.js,mapped,Yes,Requirements cross-reference integrity guard; fails closed on dangling id-index anchors non-Active RTM parents missing inventory paths unresolved replacement IDs SRS/RTM evidence-reference disagreement missing or unresolved system-requirement references and Active requirements without a verification reference; prints the contract to the CI run summary; mapped to VHS-REQ-601.
scripts/checkDocsLinks.js,mapped,Yes,Documentation link-check command with generated validation/evidence root exclusions; mapped to VHS-REQ-597.
scripts/checkDefinitionOfDone.js,mapped,Yes,Definition-of-Done gate checker; mapped to VHS-REQ-615.
scripts/auditBranchProtectionSettings.js,dev-only,No,Maintainer branch protection settings audit for canonical GitHub required status checks and protection flags; gh-only injected execution boundary.
scripts/checkDocumentationWorkbench.js,dev-only,No,Documentation workbench gate verifying the docs-authoring image documentation-workbench guide and docs:gate script surfaces exist and stay coherent; CI and dev documentation infrastructure.
scripts/fileLinuxValidationGap.js,dev-only,No,Maintainer Linux-validation gap auto-filer (issue #259) so the session not the human authors fix issues; gh-only allow-list and injected fs/spawn boundaries.
scripts/generateCloseoutEvidence.js,mapped,Yes,Closeout evidence automation with tracked-worktree standards audit snapshot mandatory standards runner published Docker workbench support standards toolchain provenance verification coverage-risk mapping and DoD evidence-source hygiene; mapped to VHS-REQ-601 VHS-REQ-613 and VHS-REQ-615.
scripts/generateAssuranceState.js,mapped,Yes,Local assurance-state evidence model generator that normalizes retained standards audit packets into classified planning signals with provenance; mapped to VHS-REQ-615.
scripts/buildSupplyChainState.js,mapped,Yes,"Read-only supply-chain state aggregator reporting the provenance state (digest, gating, freshness) of the box manifest, runtime-validation ledger, requirements manifest, and dev-tools toolset in one schema-versioned packet; mapped to VHS-REQ-668."
scripts/runMultiStandardsAudit.js,mapped,Yes,Local multi-standard audit helper for direct 29148/26514 checks and standards-review profile evidence; mapped to VHS-REQ-615.
scripts/runIssueStandardsTriage.js,dev-only,No,Local maintainer issue-triage helper that captures GitHub issue metadata and runs repo-standards-review quick-triage standards evidence against a Docker-visible tracked-worktree snapshot; advisory only.
scripts/mapCoverageToTraceability.js,mapped,Yes,Coverage traceability map command; mapped to VHS-REQ-613.
src/cli/runDevHost.ts,dev-only,No,Development host CLI for local debugging and testing.
src/commands/openViHistoryCommand.ts,mapped,Yes,Main command implementation; mapped through RTM.
src/commands/comparisonRuntimeDoctorSummaryParsing.ts,supporting,No,"Runtime-doctor-summary parsers (deriveComparisonRuntimeNextAction, deriveRuntimeProviderFromDoctorSummary, deriveRuntimeProviderRequestFromDoctorSummary, deriveWindowsContainerAcquisitionStateFromDoctorSummary, deriveRejectedProviderSummaryFromDoctorSummary, mapLegacyExecutionModeToProviderRequest) extracted verbatim from openViHistoryCommand and the public ones re-exported to preserve the public API while separating pure doctor-summary parsing from command orchestration; supporting VHS-REQ-620."
src/commands/openViHistoryCommandMessages.ts,supporting,No,"User-facing command message helpers (formatUntrustedWorkspaceWarning, buildHistoryLoadFailureMessage, isInstalledProgramFilesLvIconPath, isGitRepositoryResolutionFailure, buildIneligibilityMessage) extracted verbatim from openViHistoryCommand and the public predicates re-exported to preserve the public API while separating pure message decisions from command orchestration; supporting VHS-REQ-620."
src/commands/comparisonRuntimeStatusPrimitives.ts,supporting,No,"Comparison-runtime status/selection primitives (deriveComparisonRuntimePanelStatus, isComparisonRuntimeBlocked, deriveComparisonRuntimeProgressStatus, deriveComparisonCommandLabel, resolveExplicitComparisonPair, stripTerminalPunctuation) extracted verbatim from openViHistoryCommand and the public ones re-exported to preserve the public API while separating pure status/selection logic from command orchestration; supporting VHS-REQ-620."
src/dashboard/comparisonReportArchive.ts,mapped,Yes,Dashboard archive support; mapped to VHS-REQ-610.
src/dashboard/dashboardEtaAccuracy.ts,mapped,Yes,Dashboard ETA accuracy; mapped to VHS-REQ-610.
src/dashboard/dashboardLatestRun.ts,mapped,Yes,Dashboard latest run support; mapped to VHS-REQ-610.
src/dashboard/multiReportDashboard.ts,mapped,Yes,Multi-report dashboard; mapped to VHS-REQ-610.
src/dashboard/multiReportDashboardPreparationSummary.ts,supporting,No,"Dashboard duration + preparation-summary formatting helpers (formatDurationMinutesSeconds, formatSignedDurationMinutesSeconds, renderPreparationSummary) extracted verbatim from multiReportDashboard to separate pure formatting/summary text from dashboard orchestration; supporting VHS-REQ-610."
src/dashboard/multiReportDashboardPairLedger.ts,supporting,No,"Dashboard pair-metadata ledger rendering (renderPairMetadataLedgerRow + formatOverviewCaptionLedger/formatAttributeLedger/formatDetailHeadingLedger/formatDetailItemLedger) extracted verbatim from multiReportDashboard to separate pure ledger-row HTML/formatting from dashboard orchestration; supporting VHS-REQ-610."
src/dashboard/multiReportDashboardOverviewImages.ts,supporting,No,"Dashboard overview image grouping (groupOverviewImageAssets, deriveOverviewCaptionPriority) extracted verbatim from multiReportDashboard to separate pure caption-priority grouping/sorting from dashboard orchestration; supporting VHS-REQ-610."
src/dashboard/multiReportDashboardPairOrdinals.ts,supporting,No,"Dashboard pair-ordinal helpers (mapPairIdsToOrdinals, formatPairOrdinalSummary) extracted verbatim from multiReportDashboard to separate pure pair-position resolution/formatting from dashboard orchestration; supporting VHS-REQ-610."
src/dashboard/multiReportDashboardDataUriImage.ts,supporting,No,"Dashboard data-URI image decoding (decodeDataUriImage + DecodedDataUriImage) extracted verbatim from multiReportDashboard to separate pure base64 image decoding/content-hashing from dashboard orchestration; supporting VHS-REQ-640."
src/dashboard/multiReportDashboardArtifactPlan.ts,supporting,No,"Dashboard artifact-plan builder (buildMultiReportDashboardArtifactPlan + DASHBOARDS_DIRECTORY) extracted verbatim from multiReportDashboard to separate pure deterministic path/id planning from dashboard orchestration; supporting VHS-REQ-610."
src/dashboard/multiReportDashboardSourceRecord.ts,supporting,No,"Dashboard archived-source-record helpers (buildArtifactLinks, buildProviderLabel, derivePairEvidenceState, deriveCommitPairs) extracted verbatim from multiReportDashboard to separate pure archived-record link/label/evidence/pairing logic from dashboard orchestration; supporting VHS-REQ-610."
src/dashboard/multiReportDashboardSummary.ts,supporting,No,"Dashboard summary aggregation (buildDashboardSummary) extracted verbatim from multiReportDashboard to separate pure entry-to-summary aggregation (counts, provider/path/overview/attribute/detail/evidence summaries with pair ordinals) from dashboard orchestration; supporting VHS-REQ-610."
src/dashboard/multiReportDashboardAction.ts,mapped,Yes,Multi-report dashboard action; mapped to VHS-REQ-610.
src/dashboard/niComparisonReportParser.ts,mapped,Yes,NI comparison report parser; mapped to VHS-REQ-610.
src/dashboard/retainedDashboardEvidence.ts,mapped,Yes,Retained dashboard evidence; mapped to VHS-REQ-610.
src/dashboard/worktreeSnapshotIndex.ts,mapped,Yes,Working-tree snapshot retention index data model and garbage collection; mapped to VHS-REQ-641.
src/docs/bundledDocumentation.ts,mapped,Yes,Bundled documentation manifest/page loading and rendering behavior; mapped to VHS-REQ-611.
src/docs/bundledDocumentationAction.ts,mapped,Yes,Bundled documentation command/action routing behavior; mapped to VHS-REQ-611.
src/domain/viFile.ts,mapped,Yes,VI file domain; mapped through RTM.
src/domain/viMagic.ts,mapped,Yes,VI magic wrapper; mapped through RTM.
src/domain/viMagicCore.ts,mapped,Yes,VI magic core detection; mapped through RTM.
src/extension.ts,mapped,Yes,Extension entry point; mapped through RTM including VHS-REQ-651 command registration.
src/git/gitApi.ts,mapped,Yes,Git API wrapper enabling viHistoryService Git state resolution; mapped through RTM.
src/git/gitCli.ts,mapped,Yes,Git CLI wrapper; mapped through RTM.
src/reporting/comparisonReportAction.ts,mapped,Yes,Comparison report action; mapped through RTM.
src/reporting/comparisonBlockedReason.ts,supporting,No,"Pure comparison blocked-reason projection (deriveComparisonBlockedReason) extracted verbatim from comparisonReportAction and imported back to preserve behavior while isolating the runtime/preflight blocked-reason selection from action orchestration; supporting VHS-REQ-624."
src/reporting/comparisonRevisionMetadata.ts,supporting,No,"Pure revision-metadata projection (toRevisionMetadata) extracted verbatim from comparisonReportAction and imported back to preserve behavior while isolating commit-to-packet revision-metadata mapping from action orchestration; supporting VHS-REQ-643."
src/reporting/cancelledComparisonReportResult.ts,supporting,No,"Pure cancelled-outcome result builder (buildCancelledComparisonReportResult) extracted verbatim from comparisonReportAction and imported back to preserve behavior while isolating cancelled-stage comparison-report result projection from action orchestration; supporting VHS-REQ-643."
src/reporting/retainedComparisonReportEvidenceResult.ts,supporting,No,"Pure retained-evidence result builder (buildRetainedComparisonReportEvidenceResult) extracted verbatim from comparisonReportAction and imported back to preserve behavior while isolating retained-comparison-report-evidence result projection (runtime-selection, runtime-execution, and process-observation facts) from action orchestration; supporting VHS-REQ-643."
src/reporting/canArchiveComparisonReport.ts,supporting,No,"Pure archive-eligibility predicate (canArchiveComparisonReport) extracted verbatim from comparisonReportAction and imported back to preserve behavior while isolating the working-tree snapshot-identity and artifact-plan completeness gate for content-addressed retention from action orchestration; supporting VHS-REQ-641."
src/reporting/windowsContainerAcquisitionResult.ts,supporting,No,"Pure Windows container acquisition-result applier (applyWindowsContainerAcquisitionResult) extracted verbatim from comparisonReportAction and imported back to preserve behavior while isolating the fold of a container-image acquisition outcome (acquired vs container-image-acquisition-failed, with notes) back into the runtime selection from action orchestration; supporting VHS-REQ-643."
src/reporting/archivedComparisonReportSourceRecordReader.ts,supporting,No,"Pure archived comparison-report source-record reader/validator (readValidatedArchivedComparisonReportSourceRecord) extracted verbatim from comparisonReportAction and imported back to preserve behavior while isolating the read/JSON-parse/structural-and-identity-validate/packet-existence gate for a retained source record from action orchestration; supporting VHS-REQ-641."
src/reporting/comparisonReportExecutionPlan.ts,mapped,Yes,Comparison execution plan; mapped through RTM.
src/reporting/comparisonReportExport.ts,mapped,Yes,Comparison report export to an accessible location for external browser viewing plus the source VI path threaded for report re-entry; mapped to VHS-REQ-626 and VHS-REQ-638.
src/reporting/comparisonReportContextMarkup.ts,mapped,Yes,Shared revision-context renderer used by the in-panel comparison report and the exported graphics report; mapped to VHS-REQ-626 and VHS-REQ-644.
src/reporting/comparisonReportPacket.ts,mapped,Yes,Comparison report packet; mapped through RTM.
src/reporting/comparisonReportPacketHtmlValues.ts,supporting,No,"Pure packet HTML value renderers (renderRevisionBodyValue, renderRevisionMetadataValue, renderOptionalYesNo) extracted verbatim from comparisonReportPacket and imported back to preserve behavior while isolating muted-placeholder/HTML-escaped revision-metadata and tri-state yes/no value rendering from packet HTML orchestration; supporting VHS-REQ-643."
src/reporting/comparisonRevisionHashDisplay.ts,supporting,No,"Pure revision-hash display formatter (formatComparisonRevisionHashDisplay) extracted verbatim from comparisonReportPacket and re-exported to preserve the public API while isolating the working-tree-sentinel/committed-hash/not-retained revision-context label formatting from packet orchestration; supporting VHS-REQ-641."
src/reporting/comparisonProviderRequestLabel.ts,supporting,No,"Pure provider-request label deriver (deriveProviderRequestLabel) extracted verbatim from comparisonReportPacket and imported back to preserve behavior while isolating requestedProvider/execution-mode-to-label resolution from packet orchestration; supporting VHS-REQ-643."
src/reporting/comparisonReportCommandRendering.ts,supporting,No,"Pure runtime-command renderer (renderCommand) extracted verbatim from comparisonReportPacket and imported back to preserve behavior while isolating executable/args command-line display formatting from packet orchestration; supporting VHS-REQ-643."
src/reporting/comparisonReportRuntimeNote.ts,supporting,No,"Pure runtime-state note renderer (renderRuntimeNote) extracted verbatim from comparisonReportPacket and imported back to preserve behavior while isolating runtime-execution-state-to-explanatory-note mapping (not-available/container-acquisition/succeeded/failed/not-run) from packet orchestration; supporting VHS-REQ-643."
src/reporting/comparisonReportCompactEvidenceSummary.ts,supporting,No,"Pure compact evidence-summary renderer (renderCompactEvidenceSummary) extracted verbatim from comparisonReportPacket and imported back to preserve behavior while isolating the failed/blocked quick-glance HTML summary (outcome, blocked/failure/diagnostic reasons, exit code, duration, artifacts, doctor lines) from packet orchestration; supporting VHS-REQ-643."
src/reporting/comparisonReportPlan.ts,mapped,Yes,Comparison report plan; mapped through RTM.
src/reporting/comparisonReportPreflight.ts,mapped,Yes,Comparison report preflight; mapped through RTM.
src/reporting/comparisonReportRuntimeExecution.ts,mapped,Yes,Comparison runtime execution; mapped through RTM.
src/reporting/comparisonReportRuntimeExecutionWorktreeSnapshot.ts,supporting,No,"Pure worktree-snapshot identity/provenance helpers (deriveWorktreeSnapshotIdentity, deriveComparedWorktreeSnapshotId, buildWorktreeSnapshotProvenanceNote) extracted verbatim from comparisonReportRuntimeExecution and re-exported to preserve the public API while isolating content-addressed snapshot identity from runtime orchestration; supporting VHS-REQ-641."
src/reporting/runtime/linuxLabviewConfigPaths.ts,supporting,No,"Pure Linux LabVIEW config-path helpers (buildLinuxLabviewIniCandidatePaths, inferLinuxLabviewVersionFromExecutablePath) extracted verbatim from comparisonReportRuntimeExecution and re-exported to preserve the public API while isolating labview.conf candidate derivation from runtime orchestration; supporting VHS-REQ-156."
src/reporting/runtime/containerWorkspaceArgRewrite.ts,supporting,No,"Pure container-workspace argument rewriters (rewriteLabviewCliArgsForContainerWorkspace, rewriteLvcompareArgsForContainerWorkspace, rewriteLvcompareArgsForLinuxContainerWorkspace) extracted verbatim from comparisonReportRuntimeExecution and re-exported to preserve the public API while isolating container staging-path argument remapping from runtime orchestration; supporting VHS-REQ-657."
src/reporting/runtime/selectedTreeMaterializeErrorClassification.ts,supporting,No,"Pure selected-tree materialize error classifier (classifySelectedTreeMaterializeError + long-path diagnostic constant/type) extracted verbatim from comparisonReportRuntimeExecution and re-exported to preserve the public API while isolating MAX_PATH long-path failure classification from runtime orchestration; supporting VHS-REQ-624."
src/reporting/runtime/submoduleGitlinkParsing.ts,supporting,No,"Pure git ls-tree submodule gitlink parser (parseSubmoduleGitlinks) extracted verbatim from comparisonReportRuntimeExecution and re-exported to preserve the public API while isolating NUL-delimited ls-tree parsing from runtime orchestration; supporting VHS-REQ-624."
src/reporting/runtime/labviewCliPortArg.ts,supporting,No,"Pure LabVIEW CLI port-argument helper (appendLabviewCliPortNumberArg) extracted verbatim from comparisonReportRuntimeExecution and re-exported to preserve the public API while isolating -PortNumber argv manipulation from runtime orchestration; supporting VHS-REQ-631."
src/reporting/runtime/localViServerAcquisitionLock.ts,mapped,Yes,"In-process serialization primitive (createLocalViServerAcquisitionLock/localViServerLockKey/sharedLocalViServerAcquisitionLock) that grants a per-key FIFO single-flight slot keyed by the local VI Server endpoint so concurrent host-native LabVIEWCLI launches take turns instead of racing the one VI Server; mapped to VHS-REQ-669."
src/reporting/runtime/interopCommandPlanBuilders.ts,supporting,No,"Pure interop command-plan builders (buildLinuxHostNativeShortPathCommandPlan, buildWindowsInteropCommandPlan) extracted verbatim from comparisonReportRuntimeExecution and re-exported to preserve the public API while isolating short-path/interop argv remapping from runtime orchestration; supporting VHS-REQ-156 and VHS-REQ-624."
src/reporting/runtime/linuxHostNativeStaging.ts,supporting,No,"Pure Linux host-native short-path staging helpers (shouldUseLinuxHostNativeShortPathStaging, resolveLinuxRuntimeTmpRoot, buildLinuxHostNativeShortPathLayout) extracted verbatim from comparisonReportRuntimeExecution and re-exported to preserve the public API while isolating VHS-REQ-156 short-path staging decisions from runtime orchestration; supporting VHS-REQ-156."
src/reporting/runtime/closeLabviewCommandPlan.ts,supporting,No,"Pure LabVIEWCLI CloseLabVIEW command-plan builder (buildLabviewCliCloseLabviewCommandPlan) extracted verbatim from comparisonReportRuntimeExecution and imported back to preserve behavior while isolating headless session-reset command assembly from runtime orchestration; supporting VHS-REQ-156."
src/reporting/runtime/windowsInteropLayout.ts,supporting,No,"Pure Windows interop workspace layout builder (buildWindowsInteropLayout) extracted verbatim from comparisonReportRuntimeExecution and imported back to preserve behavior while isolating interop report/staging path computation from runtime orchestration; supporting VHS-REQ-624."
src/reporting/runtime/recoveryExecutionResults.ts,supporting,No,"Pure recovery execution-result builders (buildRecoveredExecutionResult, buildColdLaunchRetryExecutionResult) extracted verbatim from comparisonReportRuntimeExecution and imported back to preserve behavior while isolating headless-session-reset / cold-launch-retry result composition from runtime orchestration; supporting VHS-REQ-148."
tests/unit/recoveryExecutionResults.test.ts,supporting,No,"Direct unit tests for the pure recovery execution-result builders (buildRecoveredExecutionResult, buildColdLaunchRetryExecutionResult) covering duration accumulation, diagnostic-note merge/dedup, session-reset artifact attachment, and startedAt fallback; supporting VHS-REQ-148."
src/reporting/runtime/runtimeSelectionPredicates.ts,supporting,No,"Pure runtime-selection predicates (resolveEffectiveRuntimePlatform, isHeadlessLabviewCliExecution) extracted verbatim from comparisonReportRuntimeExecution and re-imported to preserve behavior while isolating selection-platform/headless predicates from runtime orchestration; supporting VHS-REQ-156."
src/reporting/runtime/effectiveCommandTimeout.ts,supporting,No,"Pure effective command-timeout policy (resolveEffectiveCommandTimeoutMs, LINUX_HOST_NATIVE_HEADLESS_OPT_IN_DEFAULT_TIMEOUT_MS) extracted verbatim from comparisonReportRuntimeExecution and re-exported to preserve the public API while isolating the Linux host-native headless opt-in timeout bound from runtime orchestration; supporting VHS-REQ-156."
src/reporting/runtime/containerLaunchConstants.ts,supporting,No,"Shared container/host-native launch workspace roots (WINDOWS_CONTAINER_WORKSPACE_ROOT/TEMP_ROOT, LINUX_CONTAINER_WORKSPACE_ROOT/TEMP_ROOT) extracted verbatim from comparisonReportRuntimeExecution into a leaf module imported by both orchestration and the headless launch-script builders to break a would-be circular value import; supporting VHS-REQ-148 and VHS-REQ-657."
src/reporting/runtime/headlessLaunchScriptBuilders.ts,supporting,No,"Windows headless LabVIEWCLI launch-script builders (buildWindowsContainerLabviewCliScript, buildWindowsHostNativeHeadlessCommandPlan, shared buildHeadlessLabviewCliLaunchScript + builder-only timeout/retry consts) extracted verbatim from comparisonReportRuntimeExecution and re-exported to preserve the public API while isolating headless PowerShell launch-script assembly from runtime orchestration; supporting VHS-REQ-148 and VHS-REQ-665."
src/reporting/runtime/linuxContainerLaunchScriptBuilders.ts,supporting,No,"Linux container LabVIEWCLI launch-script builders (buildLinuxContainerLabviewCliScript, buildLinuxContainerDirectCommandScript, shared prelude + connect-timeout resolver + builder-only timeout/retry consts) extracted verbatim from comparisonReportRuntimeExecution and re-exported to preserve the public API while isolating bash launch-script assembly from runtime orchestration; supporting VHS-REQ-148 and VHS-REQ-657."
src/reporting/runtime/containerRuntimePaths.ts,supporting,No,"Container runtime image references + in-container tool paths (DEFAULT_WINDOWS/LINUX_CONTAINER_IMAGE, WINDOWS_CONTAINER_LABVIEW_EXE/CLI/LVCOMPARE, LINUX_CONTAINER_LABVIEW_CLI/LVCOMPARE) bundled with the pure host-mode image selector (resolveContainerImageForHostMode) extracted verbatim from comparisonRuntimeLocator to centralize container launcher paths in a leaf module; supporting VHS-REQ-657."
src/reporting/runtime/containerProviderResolution.ts,supporting,No,"Pure container-provider resolution predicates (resolveContainerProvider, resolveContainerRuntimePlatform) extracted verbatim from comparisonRuntimeLocator and imported back to preserve behavior while isolating provider/runtime-platform derivation from selection orchestration; supporting VHS-REQ-657."
tests/unit/containerProviderResolution.test.ts,supporting,No,"Direct unit tests for the pure container-provider resolution predicates (resolveContainerProvider, resolveContainerRuntimePlatform) covering explicit-value and host-mode fallback branches; supporting VHS-REQ-657."
src/reporting/runtime/configuredCandidateResolution.ts,supporting,No,"Configured runtime-tool candidate resolution (resolveConfiguredCandidates + private buildConfiguredCandidate) extracted verbatim from comparisonRuntimeLocator and imported back to preserve behavior while isolating configured-path candidate normalization from provider-probing orchestration; supporting VHS-REQ-657."
src/reporting/runtime/exactWindowsHostRuntime.ts,supporting,No,"Exact Windows host-native runtime resolution (resolveExactWindowsHostRuntime + private selectWindowsSharedLabviewCliCandidate/describeDetectedWindowsHostAlternativeBitness) extracted verbatim from comparisonRuntimeLocator and imported back to preserve behavior while isolating the supported LabVIEW.exe/LabVIEWCLI pair selection from provider-probing orchestration; supporting VHS-REQ-657."
src/reporting/runtime/legacyWindowsContainerFacts.ts,supporting,No,"Legacy Windows container provider-facts builder (buildLegacyWindowsContainerProviderFacts) extracted verbatim from comparisonRuntimeLocator and imported back to preserve behavior while isolating legacy image-inspect facts synthesis from provider-probing orchestration; supporting VHS-REQ-657."
src/reporting/runtime/runtimeSelectionHelpers.ts,supporting,No,"Pure runtime-selection input helpers (resolveEffectiveExecutionMode, selectPreferredLabviewCandidate) extracted verbatim from comparisonRuntimeLocator and imported back to preserve behavior while isolating effective-execution-mode and preferred-candidate selection from provider-probing orchestration; supporting VHS-REQ-657."
src/reporting/runtime/containerProviderDescriptions.ts,supporting,No,"Pure container-provider note formatters (describeContainerProviderLabel, describeUnavailableContainerProvider, describeSelectedContainerProvider) extracted verbatim from comparisonRuntimeLocator and imported back to preserve behavior while isolating human-readable provider-selection note assembly from selection orchestration; supporting VHS-REQ-657."
src/reporting/runtime/containerSelectionFacts.ts,supporting,No,"Pure container-selection fact builders (buildContainerSelectionFacts, buildContainerToolCandidates) extracted verbatim from comparisonRuntimeLocator and imported back to preserve behavior while isolating container-facts/tool-path derivation from selection orchestration; supporting VHS-REQ-657."
src/reporting/runtime/containerSelectionBuilders.ts,supporting,No,"Container runtime-selection object assemblers (buildSelectedContainerRuntimeSelection, buildUnavailableContainerSelection, and the private fail-closed buildContainerImagePlatformMismatchSelection) extracted verbatim from comparisonRuntimeLocator and imported back to preserve behavior while isolating ComparisonRuntimeSelection assembly from provider-probing orchestration; supporting VHS-REQ-650 and VHS-REQ-657."
src/reporting/runtime/providerDecisions.ts,supporting,No,"Pure provider-decision assembler (buildProviderDecisions) extracted verbatim from comparisonRuntimeLocator and imported back to preserve behavior while isolating the ordered host-native/container RuntimeProviderDecision reason-and-detail assembly from provider-probing orchestration; supporting VHS-REQ-657."
src/reporting/comparisonRuntimeDoctor.ts,mapped,Yes,Comparison runtime doctor; mapped through RTM.
src/reporting/comparisonRuntimeLocator.ts,mapped,Yes,Comparison runtime locator; mapped through RTM.
src/reporting/runtime/windowsRegistryCandidateParsing.ts,supporting,No,"Pure Windows registry LabVIEW candidate parser (parseWindowsRegistryLabviewCandidates) extracted verbatim from comparisonRuntimeLocator and re-exported to preserve the public API while isolating registry-text parsing and unsupported-year filtering from runtime-locator orchestration; supporting VHS-REQ-634."
src/reporting/runtime/windowsDockerSpawn.ts,supporting,No,"Pure Windows Docker spawn helpers (resolveWindowsDockerSpawnCommand, isMissingWindowsDockerCommand) extracted verbatim from comparisonRuntimeLocator and re-exported to preserve the public API while isolating WSL-aware docker invocation selection and missing-docker error classification from runtime-locator orchestration; supporting VHS-REQ-657."
src/reporting/runtime/scanCandidateResolution.ts,supporting,No,"Pure scan-candidate existence resolver (resolveScanCandidates) extracted verbatim from comparisonRuntimeLocator and imported back to preserve behavior while isolating concurrent path-existence annotation of runtime-tool candidates from runtime-locator orchestration; supporting VHS-REQ-632."
src/reporting/runtime/fsPathExists.ts,supporting,No,"Pure filesystem path-existence probes (pathExistsWithFsAccess, defaultPathExists) extracted verbatim from comparisonRuntimeLocator and imported back to preserve behavior and the public API while isolating injectable fs.access existence probing from runtime-locator orchestration; supporting VHS-REQ-634."
src/reporting/runtime/windowsRegistryQuery.ts,supporting,No,"Pure Windows registry query runner (runWindowsRegistryQuery) extracted verbatim from comparisonRuntimeLocator and re-exported to preserve the public API while isolating injectable reg-query execution (windowsHide, bounded stdout) from runtime-locator orchestration; supporting VHS-REQ-634."
src/reporting/runtime/documentedRuntimeCandidates.ts,supporting,No,"Pure documented runtime candidate builders (buildDocumentedRuntimeCandidates, buildWindowsRegistryQueryPlans) extracted verbatim from comparisonRuntimeLocator and re-exported to preserve the public API while isolating catalog-derived scan-candidate and registry-query-plan construction from runtime-locator orchestration; supporting VHS-REQ-632."
src/reporting/diagnostics/diagnosticsRecorder.ts,mapped,Yes,Comparison runtime diagnostics bundle recorder; retained runtime evidence schema mapped through RTM (VHS-REQ-148).
src/reporting/runtime/labviewCliIni.ts,mapped,Yes,LabVIEWCLI.ini connect-window hardening helper for Windows host-native compare; mapped through RTM (VHS-REQ-148).
src/scenarios/decisionRecord.ts,supporting,No,Decision record persistence infrastructure; supporting VHS-REQ-610 dashboard aggregate review.
src/scenarios/reviewDecisionRecordAction.ts,supporting,No,Decision record action routing; supporting VHS-REQ-610 dashboard aggregate review.
src/scenarios/reviewScenarioRegistry.ts,supporting,No,Review scenario definitions enabling bounded dashboard evidence; supporting VHS-REQ-610 dashboard aggregate review.
src/services/viHistoryModel.ts,mapped,Yes,VI history model; mapped through RTM.
src/services/viHistoryService.ts,mapped,Yes,VI history service; mapped through RTM.
src/support/repositorySupportPolicy.ts,supporting,No,Repository support tier classification enabling dashboard/review capability scoping; supporting VHS-REQ-610 dashboard aggregate review.
src/tooling/buildInfo.ts,dev-only,No,Build info generation for development.
src/tooling/devHostLoop.ts,dev-only,No,Development host loop; development tooling.
src/tooling/integrationHostRuntime.ts,mapped,Yes,Integration host runtime incl. Windows VS Code readiness guard; mapped to VHS-REQ-598.
src/tooling/integrationHostStage.ts,dev-only,No,Integration host stage; testing infrastructure.
src/tooling/localRuntimeSettingsCli.ts,mapped,Yes,Installed runtime settings CLI preparation surface mapped to VHS-REQ-612 through the contributed labviewViHistory.prepareLocalRuntimeSettingsCli command.
src/tooling/localRuntimeSettingsShellEscaping.ts,supporting,No,"Shell/path escaping helpers (escapeWindowsBatchEcho, escapeSingleQuotedShellString, quoteLauncherPathForShell, buildPathPrependValue, resolveCurrentPlatformLauncherPath) extracted verbatim from localRuntimeSettingsCli and re-exported to preserve the public API while separating pure shell-quoting from CLI orchestration; supporting VHS-REQ-623."
src/tooling/localRuntimeSettingsRuntimeStatus.ts,supporting,No,"Runtime settings value normalizers + status mappers (normalizeLabviewBitness, normalizeProvider, isSupportedInstalledLabviewVersion, formatPersistedFact, resolveCliRuntimePlatform, deriveRuntimeValidationErrorCode/ProofStatus/ImplementationStatus) extracted verbatim from localRuntimeSettingsCli and the public ones re-exported to preserve the public API while separating pure normalization/status mapping from CLI orchestration; supporting VHS-REQ-623."
src/tooling/localRuntimeSettingsFileText.ts,supporting,No,"Settings-file text/JSONC transforms (normalizeSettingsJsoncText, stripUtf8ByteOrderMark, applySettingsJsoncEdit, detectSettingsEndOfLine, ensureTerminalNewline, assertSupportedSettingsTarget, isMissingFileError, readTrimmedSettingsProperty) extracted verbatim from localRuntimeSettingsCli to separate pure settings-file text handling from CLI orchestration; supporting VHS-REQ-612."
src/tooling/localRuntimeSettingsEnvironmentReport.ts,supporting,No,"Environment redaction helpers (buildReportableEnvironment, isSecretLikeEnvironmentKey) extracted verbatim from localRuntimeSettingsCli and re-exported to preserve the public API while separating pure secret-like env redaction from CLI orchestration; supporting VHS-REQ-612."
src/tooling/runtimeSettingsLiveSessionProbe.ts,dev-only,No,Live-session probe command is not contributed in package.json; maintainer diagnostics only and not installed command surface.
src/tooling/runtimeSettingsLiveSessionProbePacket.ts,dev-only,No,Probe packet persistence supports maintainer-only live-session diagnostics for the non-contributed probe command that is not contributed in package.json.
src/tooling/runtimeSettingsLiveSessionSafeRestore.ts,dev-only,No,Safe restore supports maintainer-only live-session probing for the non-contributed probe command that is not contributed in package.json.
src/ui/historyPanel.ts,mapped,Yes,History panel UI; mapped through RTM.
src/ui/historyPanelTracker.ts,mapped,Yes,History panel tracker; mapped through RTM.
scripts/auditPackagedRuntimeSurface.js,mapped,Yes,Package audit script; mapped through RTM.
scripts/bootstrapLinuxVsCodeHost.js,dev-only,No,Linux VS Code host bootstrap; CI/dev infrastructure.
scripts/generateBuildInfo.js,dev-only,No,Build info generator; development tooling.
scripts/checkDevDependencies.js,dev-only,No,Contributor dev-loop dependency preflight; precompile/precheck hook that fails closed with npm ci remediation when node_modules or the local typescript toolchain is missing before tsc runs; development tooling.
scripts/preparePublicRepoClone.js,dev-only,No,Public repo clone preparation; CI infrastructure.
scripts/preparePublicTestFixture.js,dev-only,No,Public test fixture preparation; testing infrastructure.
scripts/publicRepoCloneCore.js,dev-only,No,Public repo clone core; CI infrastructure.
scripts/runLinuxIntegrationHost.js,dev-only,No,Linux integration host runner; CI infrastructure.
scripts/runPinnedVsce.js,supporting,No,Pinned VSCE runner; packaging support.
scripts/verifyMarketplaceListing.js,mapped,Yes,Marketplace listing verification retry helper with retained bounded attempt evidence report; mapped to VHS-REQ-609 and VHS-REQ-615.
scripts/checkReleaseReadiness.js,mapped,Yes,Release-readiness verdict aggregator; composes risk ledger requirements-manifest digest and version/CHANGELOG coherence into one advisory READY/ATTENTION status with a display-only human-attested runtime line; mapped to VHS-REQ-615.
scripts/runWindowsIntegrationHost.js,dev-only,No,Windows integration host runner; CI infrastructure.
scripts/vagrantLanePreflight.js,dev-only,No,Optional Vagrant lane preflight and status reporter; injected command/fs boundaries; local maintainer helper only and never a CI gate.
scripts/buildDevToolsRelease.js,mapped,Yes,"Dev-tools GitHub Release content-digest and provenance builder; resolves the committed toolset manifest into a deterministic content digest binding shipped tools to their requirements state; mapped to VHS-REQ-667."
scripts/verifyDevToolsRelease.js,mapped,Yes,"Dev-tools GitHub Release fail-closed verifier; confirms an extracted or in-tree toolset matches a provenance manifest's per-file sha256 and aggregate content digest; mapped to VHS-REQ-667."
tests/unit/bootstrapLinuxVsCodeHost.test.ts,dev-only,No,Tests for Linux VS Code host bootstrap.
tests/unit/branchGovernanceWorkflow.test.ts,mapped,Yes,Branch governance workflow tests; mapped through RTM.
tests/unit/branchProtectionSettingsAuditScript.test.ts,dev-only,No,Tests for the maintainer branch protection settings audit command with mocked GitHub CLI execution and drift rendering.
tests/unit/buildInfo.test.ts,dev-only,No,Build info tests; development tooling.
tests/unit/checkDevDependencies.test.ts,dev-only,No,Contributor dev-loop dependency preflight tests; development tooling.
tests/unit/closeoutEvidenceScript.test.ts,mapped,Yes,Closeout evidence automation Docker runner standards audit snapshot standards toolchain provenance coverage-risk mapping and DoD evidence-source hygiene tests; mapped to VHS-REQ-601 VHS-REQ-613 and VHS-REQ-615.
tests/unit/assuranceStateScript.test.ts,mapped,Yes,Local assurance-state evidence model generator unit tests for retained audit normalization classification and provenance; mapped to VHS-REQ-615.
tests/unit/supplyChainStateScript.test.ts,mapped,Yes,"Supply-chain state read-model unit tests covering per-artifact builders, rollup status, Markdown escaping, and CLI strict/output behavior; mapped to VHS-REQ-668."
tests/unit/issueStandardsTriageScript.test.ts,dev-only,No,Local issue standards-triage helper tests covering argument parsing Docker command construction artifact capture and image-missing fail-fast behavior.
tests/unit/fileLinuxValidationGapScript.test.ts,dev-only,No,Tests for the maintainer Linux-validation gap auto-filer script (issue #259); covers parse/detect/compose and the injected gh boundary.
tests/unit/definitionOfDoneGate.test.ts,mapped,Yes,Definition-of-Done gate checker tests; mapped to VHS-REQ-615.
tests/unit/documentationWorkbenchGate.test.ts,dev-only,No,Tests for the documentation workbench gate covering surface presence checks fail-closed behavior and the required-surfaces contract.
tests/unit/coverageMapScript.test.ts,mapped,Yes,Coverage traceability map tests; mapped to VHS-REQ-613.
tests/unit/docsLinkCheckScript.test.ts,mapped,Yes,Documentation link-check command tests including generated validation/evidence root exclusions; mapped to VHS-REQ-597.
tests/unit/bundledDocumentation.test.ts,mapped,Yes,Bundled documentation manifest/page asset verification coverage; mapped through RTM to VHS-REQ-611.
tests/unit/bundledDocumentationAction.test.ts,mapped,Yes,Bundled documentation command/action routing verification coverage; mapped through RTM to VHS-REQ-611.
tests/unit/comparisonReportArchive.test.ts,mapped,Yes,Dashboard comparison report archive tests; mapped to VHS-REQ-610.
tests/unit/comparisonReportAction.test.ts,mapped,Yes,Comparison report action orchestration tests; mapped to VHS-REQ-133 VHS-REQ-148 and VHS-REQ-155.
tests/unit/comparisonReportExecutionPlan.test.ts,mapped,Yes,Comparison report execution plan tests; mapped through RTM (VHS-REQ-156).
tests/unit/comparisonReportExport.test.ts,mapped,Yes,Comparison report export tests; mapped to VHS-REQ-626.
tests/unit/comparisonReportPacket.test.ts,mapped,Yes,Comparison report packet tests; mapped through RTM.
tests/unit/comparisonReportPreflight.test.ts,mapped,Yes,Comparison report preflight tests; mapped through RTM.
tests/unit/comparisonReportRuntimeExecution.test.ts,mapped,Yes,Comparison runtime execution tests; mapped through RTM including VHS-REQ-630 connection-failure classification preservation.
tests/unit/comparisonReportRuntimeExecutionWorktreeSnapshot.test.ts,supporting,No,"Pure worktree-snapshot identity/provenance unit tests (content-addressed identity stability, sentinel-side selection, provenance note formatting); supporting VHS-REQ-641."
tests/unit/linuxLabviewConfigPaths.test.ts,supporting,No,"Pure Linux LabVIEW config-path unit tests (labview.conf candidate derivation for x64/x86/unknown bitness, executable-path year inference); supporting VHS-REQ-156."
tests/unit/containerWorkspaceArgRewrite.test.ts,supporting,No,"Pure container-workspace argument rewriter unit tests (Windows/Linux staging-path remapping, LabVIEW path override and fallback, short-operand guards); supporting VHS-REQ-657."
tests/unit/selectedTreeMaterializeErrorClassification.test.ts,supporting,No,"Pure selected-tree materialize error classifier unit tests (Win32/POSIX long-path spellings, string coercion, unrecognized/null passthrough); supporting VHS-REQ-624."
tests/unit/submoduleGitlinkParsing.test.ts,supporting,No,"Pure git ls-tree submodule gitlink parser unit tests (gitlink filtering, verbatim path preservation, malformed-record skipping, empty output); supporting VHS-REQ-624."
tests/unit/labviewCliPortArg.test.ts,supporting,No,"Pure LabVIEW CLI port-argument helper unit tests (append, in-place replace, non-positive/non-integer passthrough, input immutability); supporting VHS-REQ-631."
tests/unit/comparisonRuntimeDoctor.test.ts,mapped,Yes,Comparison runtime doctor tests; mapped through RTM.
tests/unit/comparisonRuntimeLocator.test.ts,mapped,Yes,Comparison runtime locator tests; mapped through RTM.
tests/unit/windowsRegistryCandidateParsing.test.ts,supporting,No,"Pure Windows registry LabVIEW candidate parser unit tests (direct-exe and install-directory forms, dedup, unsupported-year drop, supported-year keep, empty input); supporting VHS-REQ-634."
tests/unit/documentedRuntimeCandidates.test.ts,supporting,No,"Pure documented runtime candidate builder unit tests (Windows registry query plans, win32/linux scan-candidate construction, unsupported-platform empty result); supporting VHS-REQ-632."
tests/unit/dashboardEtaAccuracy.test.ts,mapped,Yes,Dashboard ETA accuracy tests; mapped to VHS-REQ-610.
tests/unit/dashboardLatestRun.test.ts,mapped,Yes,Dashboard latest-run record tests; mapped to VHS-REQ-610.
tests/unit/devHostLoop.test.ts,dev-only,No,Development host loop tests; development tooling.
tests/unit/diagnosticsRecorder.test.ts,mapped,Yes,Comparison runtime diagnostics bundle recorder tests; mapped to VHS-REQ-148 retained runtime evidence.
tests/unit/labviewCliIni.test.ts,mapped,Yes,LabVIEWCLI.ini connect-window hardening helper tests; mapped to VHS-REQ-148.
tests/unit/windowsContainerLabviewCliScript.test.ts,mapped,Yes,Windows-container LabVIEW CLI script builder cliConnectTimeoutSeconds parity tests; mapped to VHS-REQ-148.
tests/unit/linuxContainerLabviewCliScript.test.ts,mapped,Yes,Linux-container LabVIEW CLI script builder connect-window hardening and cold-launch retry parity tests; mapped to VHS-REQ-148.
tests/unit/explicitComparePairWorkflow.test.ts,mapped,Yes,Explicit compare pair workflow tests; mapped through RTM.
tests/unit/extensionActivationLazySideEffects.test.ts,mapped,Yes,Extension activation tests; mapped through RTM including VHS-REQ-082 primary command handler VHS-REQ-627 LabVIEW CLI open gate wiring VHS-REQ-631 VI Server open gate wiring VHS-REQ-634 registry fallback wiring VHS-REQ-635 selected-file on-demand loading and VHS-REQ-651 command registration.
tests/unit/generateBuildInfo.test.ts,dev-only,No,Build info generator tests; development tooling.
tests/unit/gitApi.test.ts,mapped,Yes,Unit verification coverage for Git API wrapper; mapped through RTM.
tests/unit/gitCli.test.ts,mapped,Yes,Git CLI tests; mapped through RTM.
tests/unit/historyPanelRendering.test.ts,mapped,Yes,History panel rendering tests; mapped through RTM.
tests/unit/historyPanelTracker.test.ts,mapped,Yes,History panel tracker tests; mapped through RTM.
tests/unit/historyReviewPacket.test.ts,mapped,Yes,History review packet tests; mapped through RTM.
tests/unit/integrationHostRuntime.test.ts,mapped,Yes,Integration host runtime tests incl. Windows VS Code readiness guard; mapped to VHS-REQ-598.
tests/unit/integrationHostStage.test.ts,dev-only,No,Integration host stage tests; testing infrastructure.
tests/unit/localRuntimeSettingsCli.test.ts,mapped,Yes,Installed runtime settings CLI direct tests; mapped to VHS-REQ-612.
tests/unit/localRuntimeSettingsShellEscaping.test.ts,supporting,No,"Shell/path escaping unit tests (platform launcher selection, PATH prepend separator, win32/posix launcher quoting with embedded-quote escaping, batch-echo and single-quote escaping); supporting VHS-REQ-623."
tests/unit/localRuntimeSettingsRuntimeStatus.test.ts,supporting,No,"Runtime settings value normalizer + status mapper unit tests (bitness/provider normalization + rejection, supported-year predicate, persisted-fact formatting, platform resolution + rejection, blocked-reason error-code/proof-status/implementation-status mapping); supporting VHS-REQ-623."
tests/unit/localRuntimeSettingsFileText.test.ts,supporting,No,"Settings-file text/JSONC transform unit tests (BOM strip, JSONC normalize accept/reject, nested edit + EOL, EOL detection, terminal newline, workspace-target rejection, ENOENT predicate, trimmed property read); supporting VHS-REQ-612."
tests/unit/localRuntimeSettingsEnvironmentReport.test.ts,supporting,No,"Environment redaction unit tests (secret-like key classification, PATH-like never redacted, ordinary keys kept, sorted+redacted reportable environment, undefined-as-empty); supporting VHS-REQ-612."
tests/unit/marketplaceReleaseWorkflow.test.ts,mapped,Yes,Marketplace release workflow tests; mapped through RTM including VHS-REQ-615 release-readiness evidence and VHS-REQ-609 Marketplace release automation.
tests/unit/releaseReadinessScript.test.ts,mapped,Yes,Release-readiness verdict aggregator unit tests (composed risk-ledger manifest-digest and version/CHANGELOG checks advisory status strict exit and display-only runtime attestation fixtures); mapped to VHS-REQ-615.
tests/unit/marketplaceListingVerification.test.ts,mapped,Yes,Marketplace listing verification retry tests; mapped to VHS-REQ-609.
tests/unit/multiReportDashboard.test.ts,mapped,Yes,Multi-report dashboard rendering and concentration tests; mapped to VHS-REQ-610.
tests/unit/multiReportDashboardPreparationSummary.test.ts,supporting,No,"Dashboard preparation-summary formatting unit tests (duration format ceil/floor, signed duration, retained-complete/backfill/seeded/unavailable summary modes with follow-up guidance); supporting VHS-REQ-610."
tests/unit/multiReportDashboardPairLedger.test.ts,supporting,No,"Dashboard pair-metadata ledger rendering unit tests (overview caption/attribute/detail-heading/detail-item ledger formatting, no-metadata note, metadata grid, HTML escaping); supporting VHS-REQ-610."
tests/unit/multiReportDashboardOverviewImages.test.ts,supporting,No,"Dashboard overview image grouping unit tests (caption priority ranking, group-by-caption with position sort, priority-then-original ordering, empty input); supporting VHS-REQ-610."
tests/unit/multiReportDashboardPairOrdinals.test.ts,supporting,No,"Dashboard pair-ordinal helper unit tests (resolve known/drop unknown/sort ascending, empty/single/multi ordinal summary forms); supporting VHS-REQ-610."
tests/unit/multiReportDashboardDataUriImage.test.ts,supporting,No,"Dashboard data-URI image decoding unit tests (PNG decode + content hash, jpeg->jpg normalization, post-base64 whitespace tolerance, non-data-URI/empty payload undefined, content-addressed hashing); supporting VHS-REQ-640."
tests/unit/multiReportDashboardArtifactPlan.test.ts,supporting,No,"Dashboard artifact-plan builder unit tests (storageRoot/dashboards/repoId/fileId/windowId nesting, json/html/assets paths, determinism and divergence on file/commit-window change); supporting VHS-REQ-610."
tests/unit/multiReportDashboardSourceRecord.test.ts,supporting,No,"Dashboard archived-source-record helper unit tests (artifact links with/without generated report, provider label with default engine, evidence-state classification, adjacent commit pairing); supporting VHS-REQ-610."
tests/unit/multiReportDashboardSummary.test.ts,supporting,No,"Dashboard summary aggregation unit tests (complete/incomplete window, missing/failed/blocked pair id lists, provider summaries, overview/attribute/detail/evidence summaries with pair ordinals); supporting VHS-REQ-610."
tests/unit/multiReportDashboardAction.test.ts,mapped,Yes,Multi-report dashboard action routing tests; mapped to VHS-REQ-610.
tests/unit/niComparisonReportParser.test.ts,mapped,Yes,NI comparison report parser tests; mapped to VHS-REQ-610.
tests/unit/openViHistoryCommand.test.ts,mapped,Yes,Open VI history command tests; mapped through RTM.
tests/unit/comparisonRuntimeDoctorSummaryParsing.test.ts,supporting,No,"Runtime-doctor-summary parser unit tests (next-action line, selected-provider, provider-request/legacy-execution-mode, container-acquisition-state, rejected-provider summary, legacy execution-mode mapping); supporting VHS-REQ-620."
tests/unit/openViHistoryCommandMessages.test.ts,supporting,No,"User-facing command message unit tests (untrusted-workspace warning, Program Files lv_icon.vi detection, git-resolution-failure predicate, history-load failure guidance, ineligibility message combinations); supporting VHS-REQ-620."
tests/unit/comparisonRuntimeStatusPrimitives.test.ts,supporting,No,"Comparison-runtime status/selection primitive unit tests (blocked predicate, panel status mapping, progress-status classification, command label, terminal-punctuation trim, explicit comparison pair resolution incl. worktree sentinel); supporting VHS-REQ-620."
tests/unit/packageManifest.test.ts,mapped,Yes,Package manifest tests; mapped through RTM including VHS-REQ-626 export command contribution VHS-REQ-645 settings contribution checks VHS-REQ-651 Command Palette exclusion and VHS-REQ-659 VI Preview custom editor contribution.
tests/unit/packageRuntimeSurfaceAudit.test.ts,mapped,Yes,Package runtime surface audit tests; mapped through RTM.
tests/unit/packageTestVsixWorkflow.test.ts,mapped,Yes,Package test VSIX workflow tests; mapped through RTM.
tests/unit/preparePublicRepoCloneScript.test.ts,dev-only,No,Public repo clone script tests; CI infrastructure.
tests/unit/preparePublicTestFixtureScript.test.ts,dev-only,No,Public test fixture script tests; testing infrastructure.
tests/unit/publicDevcontainerSurface.test.ts,mapped,Yes,Public devcontainer surface tests; mapped through RTM.
tests/unit/publicDocSourceLinks.test.ts,mapped,Yes,Public doc source links tests; mapped through RTM.
tests/unit/requirementsDocs.test.ts,mapped,Yes,Requirements documentation tests; mapped through RTM.
tests/unit/retainedDashboardEvidence.test.ts,mapped,Yes,Retained dashboard evidence seeding tests; mapped to VHS-REQ-610.
tests/unit/reviewDecisionRecord.test.ts,mapped,Yes,Review decision record persistence and action tests; mapped to VHS-REQ-610.
tests/unit/reviewDecisionRecordAction.test.ts,supporting,No,Decision record action orchestration unit tests covering outcome branches; supporting VHS-REQ-610 dashboard aggregate review.
tests/unit/repositoryTarget.test.ts,supporting,No,Shared semantic repository-target validator unit tests (root require/resolve and repository-relative path-escape guard); supporting VHS-REQ-662 semantic comparison models.
tests/unit/execFileText.test.ts,supporting,No,Shared structured execFile text runner unit tests (success/non-zero/spawn-error/non-numeric-code mapping via injected runner); supporting VHS-REQ-659.
tests/unit/cliFlags.test.ts,supporting,No,"Shared strict CLI flag scanner unit tests (bool/value dispatch, unknown-argument throw, missing-value throw, usage suffix, trim vs reject-flag-like value modes); supporting VHS-REQ-614."
tests/unit/pathStyle.test.ts,supporting,No,"Shared POSIX-aware path helper unit tests (usesExplicitPosixPathStyle predicate, joinPreservingExplicitPathStyle posix vs platform join and backslash normalization); supporting VHS-REQ-610."
tests/unit/fsExists.test.ts,supporting,No,"Shared filesystem-existence predicate unit tests (pathExistsViaFsAccess true for existing file/directory, false for missing path); supporting VHS-REQ-610."
tests/unit/clock.test.ts,supporting,No,"Shared default ISO-8601 clock unit tests (nowIso returns a parseable ISO string close to the current time); supporting VHS-REQ-610."
tests/unit/errorMessage.test.ts,supporting,No,"Shared error-message coercion unit tests (errorMessage returns Error.message for Error/subclass, String() for non-Error string/number/null/undefined); supporting VHS-REQ-610."
tests/unit/escapeHtml.test.ts,supporting,No,"Shared HTML text escaper unit tests (escapeHtml escapes the five HTML-significant characters, ampersand-first ordering, all occurrences); supporting VHS-REQ-610."
tests/unit/cacheKey.test.ts,supporting,No,"Shared cache-key validator unit tests (isSha256HexKey accepts 64-char lowercase hex, rejects wrong length/uppercase/non-hex/empty); supporting VHS-REQ-610."
tests/unit/deterministicId.test.ts,supporting,No,"Shared deterministic id unit tests (createDeterministicId returns the first 12 hex chars of the SHA-256 digest, deterministic, distinct per input); supporting VHS-REQ-610."
tests/unit/requireNonEmpty.test.ts,supporting,No,"Shared non-empty string validator unit tests (requireNonEmpty returns the trimmed value, throws field-named error on empty/whitespace); supporting VHS-REQ-610."
tests/unit/jsonArtifact.test.ts,supporting,No,"Shared canonical JSON artifact serializer unit tests (serializeJsonArtifact pretty-prints with 2-space indent and a single trailing newline); supporting VHS-REQ-610."
tests/unit/windowsTasklistParsing.test.ts,supporting,No,"Windows tasklist CSV parsing and runtime-process name matching unit tests (parseWindowsTasklistCsvLine, isObservedRuntimeProcessName, isExactObservedRuntimeProcessName); supporting VHS-REQ-659."
tests/unit/windowsRuntimeObservationFormatting.test.ts,supporting,No,"Windows runtime-observation formatting unit tests (describeObservedRuntimeProcesses de-duplicates image/pid, describeObservedWindowsTcpListeners falls back to pid); supporting VHS-REQ-659."
tests/unit/comparisonProcessErrorNormalization.test.ts,supporting,No,"Comparison process-error normalization unit tests (extractErrorCode reads errno codes, normalizeComparisonProcessError maps object/string/nullish errors to stdout/stderr/signal); supporting VHS-REQ-659."
tests/unit/labviewExecutablePathInference.test.ts,supporting,No,"LabVIEW executable-path inference unit tests (inferLabviewBitnessFromExecutablePath x86/x64/unknown, inferLabviewYearFromExecutablePath, supported-year range gate); supporting VHS-REQ-621."
tests/unit/windowsInteropPaths.test.ts,supporting,No,"Windows interop path normalization unit tests (normalizeWindowsInteropPath drive/mnt mapping, normalizeWindowsInteropExecutable, normalizeComparablePath lowercase backslash form); supporting VHS-REQ-624."
tests/unit/shellScriptEncoding.test.ts,supporting,No,"Shell script encoding/quoting unit tests (resolveWindowsPowerShellHostExecutable platform branch, encodeWindowsPowerShellScript base64, quotePowerShellLiteral/quoteBashLiteral escaping, buildWindowsPowerShellArrayLiteral/buildBashArrayLiteral); supporting VHS-REQ-659."
tests/unit/windowsContainerRuntimeFacts.test.ts,supporting,No,"Windows container runtime metadata parsing unit tests (parseWindowsContainerRuntimeFacts ini path/connected port, connection-log fallback, none/null handling, startup-hardening notes); supporting VHS-REQ-659."
tests/unit/windowsNetstatListeners.test.ts,supporting,No,"Windows netstat listener parsing unit tests (resolveWindowsSystem32Executable platform branch, parseWindowsNetstatListeners LISTENING-row parsing and malformed-row filtering); supporting VHS-REQ-659."
tests/unit/labviewCliDiagnostics.test.ts,supporting,No,"LabVIEW CLI diagnostics unit tests (parseLabviewCliDiagnosticLogPath banner, resolveMappedRuntimeDiagnosticPath/resolveHostReadableDiagnosticPath mapping, classifyLabviewCliDiagnosticText reason classification); supporting VHS-REQ-659."
tests/unit/diagnosticNotes.test.ts,supporting,No,"Diagnostic note assembly unit tests (isLabviewCliLogOnlyStdout, mergeDiagnosticNotes dedupe, buildProcessObservationNotes formatting, extractCommandOptionValue arg parsing); supporting VHS-REQ-659."
tests/unit/runtimePathHelpers.test.ts,supporting,No,"Runtime path helper unit tests (isPathInsideDirectory containment, posixDirname POSIX/platform branch, buildReportAssetsDirectoryPath suffix derivation); supporting VHS-REQ-659."
tests/unit/runtimeFailureClassification.test.ts,supporting,No,"Runtime failure classification unit tests (classifyRuntimeFailure exit/report/stderr reasons, classifyCancelledRuntimeFailure, classifyTimedOutRuntimeDiagnostic); supporting VHS-REQ-659."
tests/unit/runtimeTextReplacements.test.ts,supporting,No,"Runtime text-replacement unit tests (buildLinuxContainerRuntimeFilenameAlias whitespace-to-underscore, applyRuntimeTextReplacements longest-first ordering); supporting VHS-REQ-659."
tests/unit/selectDiagnosticReason.test.ts,supporting,No,"Diagnostic reason selection unit tests (selectDiagnosticReason decisive linux-headless precedence, first-defined other reason, headless fallback); supporting VHS-REQ-659."
tests/unit/labviewVersionSelection.test.ts,supporting,No,"LabVIEW version selection unit tests (normalizeRequestedLabviewVersion year extraction, isSupportedComparisonReportLabviewVersion minimum-year gate, matchesRequestedLabviewVersion candidate matching); supporting VHS-REQ-659."
tests/unit/hostNativeRejection.test.ts,supporting,No,"Host-native rejection mapping unit tests (deriveHostNativeRejectedReason/deriveHostNativeRejectedDetail blocked-state mapping, describeWindowsTcpListeners formatting); supporting VHS-REQ-659."
tests/unit/candidatePathHelpers.test.ts,supporting,No,"Runtime candidate path helper unit tests (normalizeCandidatePath backslash/lowercase, dedupeCandidates kind+path de-duplication order); supporting VHS-REQ-659."
tests/unit/containerImageReference.test.ts,supporting,No,"Container image reference resolution unit tests (resolveConfiguredContainerImageReference full-override precedence, default fallback, unparseable-selection fallback); supporting VHS-REQ-650."
tests/unit/bitnessHelpers.test.ts,supporting,No,"Runtime bitness helper unit tests (describeBitness labeling, inferBitnessFromPath x86/x64 Windows/Linux/macOS markers and undefined fallback); supporting VHS-REQ-633."
tests/unit/comparisonReportActionSettingsPrimitives.test.ts,supporting,No,"Comparison report action settings primitives unit tests (readTrimmedStringSetting boundary defense, readConfiguredLabviewBitness, readConfiguredRuntimeProvider valid/unset/invalid, readBooleanSetting strict-true); supporting VHS-REQ-645."
tests/unit/comparisonReportArchiveRecordValidation.test.ts,supporting,No,"Archived comparison report record validation unit tests (isValidArchivedComparisonReportSourceRecord accepts valid record, rejects non-record/hash-mismatch/path-mismatch/invalid-status); supporting VHS-REQ-626."
tests/unit/comparisonReportPanelHtmlPostProcessing.test.ts,supporting,No,"Comparison report panel HTML post-processing unit tests (ensureTrailingSlash append/idempotent/empty, enableLazyImageLoading adds lazy loading, preserves existing loading, case-insensitive, no-image passthrough); supporting VHS-REQ-626."
tests/unit/comparisonReportConflictMessaging.test.ts,supporting,No,"Comparison report runtime-conflict messaging module-surface unit tests (Docker daemon/install predicates, host bitness/version conflict predicates, container-image-platform-mismatch predicate, VI-version-too-new failure predicate, platform-aware message builders); supporting VHS-REQ-642, VHS-REQ-643, VHS-REQ-658."
tests/unit/comparisonReportCliConnectTimeout.test.ts,supporting,No,"Comparison report CLI connect-timeout unit tests (window constants, in-window passthrough, fractional rounding, min/max clamping, non-finite/non-number fallback to default); supporting VHS-REQ-148."
tests/unit/comparisonReportSettingsReaders.test.ts,supporting,No,"Comparison report settings readers unit tests (readComparisonRuntimeSettings host/docker mapping and trimmed overrides, readComparisonReportOptions suppression-flag defaults and strict-true, readCliConnectTimeoutSeconds/readWorktreeSnapshotRetentionLimit validation and fallback); supporting VHS-REQ-148, VHS-REQ-633, VHS-REQ-641, VHS-REQ-645, VHS-REQ-650."
tests/unit/reviewScenarioSupportPolicy.test.ts,mapped,Yes,Review scenario and repository support policy tests; mapped to VHS-REQ-610.
tests/unit/runLinuxIntegrationHost.test.ts,dev-only,No,Linux integration host tests; CI infrastructure.
tests/unit/vagrantLanePreflight.test.ts,dev-only,No,Optional Vagrant lane preflight/status tests covering banner and box-list parsing readiness checks and CLI exit behavior; local maintainer tooling.
tests/unit/verifyVagrantBox.test.ts,dev-only,No,Optional Vagrant golden-box manifest shape-validation tests covering schema/schemaVersion/sha256/sizeBytes checks that fail fast before hashing a multi-GB box; local maintainer tooling.
tests/unit/vagrantReleaseValidate.test.ts,dev-only,No,"Optional Vagrant release-lane guest-script tests asserting the VHS-REQ-665 x86 host-native headless env contract (WIN_PROVIDER=host, WIN_LV_BITNESS=x86, LV_RTE_WIN_HOSTNATIVE_HEADLESS=1) and path injection; local maintainer tooling."
tests/unit/vagrantValidationProofDriver.test.ts,dev-only,No,"Optional Vagrant advisory proof-packet parse/validate tests covering vagrant line-prefix stripping, JSON extraction, schema match, and runtime.validationOutcome gating; local maintainer tooling."
tests/unit/vagrantBoxProvenance.test.ts,dev-only,No,"Optional Vagrant golden-box provenance helper tests covering VIHS_VAGRANT_BOX override detection and committed-manifest sha256 binding (undefined under override or malformed manifest); local maintainer tooling."
tests/unit/vagrantDriverArgs.test.ts,dev-only,No,"Optional Vagrant driver CLI argument parser tests covering --skip-up, --evidence value handling, missing-value and unknown-argument errors, and non-array argv; local maintainer tooling."
tests/unit/buildDevToolsReleaseScript.test.ts,mapped,Yes,"Dev-tools release builder tests covering manifest resolution, deterministic content digest, provenance binding, and CLI output-path safety; mapped to VHS-REQ-667."
tests/unit/verifyDevToolsReleaseScript.test.ts,mapped,Yes,"Dev-tools release verifier tests covering deterministic tarball packing, ustar header/checksum, and fail-closed tamper/missing/self-verify branches; mapped to VHS-REQ-667."
tests/unit/devToolsReleaseWorkflow.test.ts,mapped,Yes,"Dev-tools release workflow contract tests covering trigger, dry-run default, build/self-verify/dedup ordering, and no-Vagrant assertion; mapped to VHS-REQ-667."
tests/unit/runDevHostCli.test.ts,dev-only,No,Development host CLI tests; development tooling.
tests/unit/runPinnedVsce.test.ts,supporting,No,Pinned VSCE runner tests; packaging support.
tests/unit/traceabilityAuditScript.test.ts,mapped,Yes,Traceability audit script tests; mapped through RTM.
tests/unit/requirementsCsvColumns.test.ts,mapped,Yes,Requirements CSV column-integrity guard unit tests (fixtures for parsing/column-count/step-summary rendering); mapped to VHS-REQ-601.
tests/unit/requirementsIntegrity.test.ts,mapped,Yes,Requirements cross-reference integrity guard unit tests (anchor/parent/path/replacement fixtures and step-summary rendering); mapped to VHS-REQ-601.
tests/unit/requirementVerificationLinkage.test.ts,mapped,Yes,Requirement verification-linkage report unit tests (linked/unlinked/manual-only classification fixtures and advisory rendering); mapped to VHS-REQ-601.
tests/unit/requirementCriteriaInventory.test.ts,mapped,Yes,Requirement acceptance-criteria inventory unit tests (criterion parsing positional-id and criterion-citation fixtures and advisory rendering); mapped to VHS-REQ-601.
tests/unit/verifyRequirementsHealth.test.ts,mapped,Yes,Unified requirement verification-health report unit tests (mutation-score aggregation per-requirement health and advisory rendering fixtures); mapped to VHS-REQ-601.
tests/unit/schemaEnvelopeLib.test.ts,mapped,Yes,Shared read-model schema-envelope helper unit tests ($schema/schemaVersion envelope fields provenance extension key stable schema rendering and schema-drift assertion); mapped to VHS-REQ-601.
tests/unit/outputContractLib.test.ts,mapped,Yes,Shared read-model CLI output-contract helper unit tests (shared-flag argv parsing output-mode selection --output path safety provenance building and write-or-print sink); mapped to VHS-REQ-601.
tests/unit/requirementsManifestExport.test.ts,mapped,Yes,Versioned requirements manifest exporter unit tests (SRS parsing positional criterion ids stable content digest and version/commit stamping fixtures); mapped to VHS-REQ-601.
tests/unit/riskLedgerScript.test.ts,mapped,Yes,Ranked risk-ledger aggregator unit tests (severity tiers deterministic ranking nextTarget selection parked platform-proof gate JSON markdown schema and output fixtures); mapped to VHS-REQ-601.
tests/unit/recordRuntimeValidationScript.test.ts,mapped,Yes,Runtime-validation ledger recorder unit tests (track update round-trip fail-closed unknown-track and malformed-version rejection safe ledger path); mapped to VHS-REQ-601.
tests/unit/mutationWorkflow.test.ts,mapped,Yes,Nightly mutation workflow contract unit tests (schedule dispatch advisory test:mutation invocation and report upload); mapped to VHS-REQ-613.
tests/unit/customizationGovernanceAuditScript.test.ts,mapped,Yes,Customization governance audit unit tests for AGENTS and customization drift prevention; mapped to VHS-REQ-615.
tests/unit/multiStandardsAuditScript.test.ts,mapped,Yes,Multi-standard local audit helper unit tests for tracked-snapshot standards evidence; mapped to VHS-REQ-615.
tests/unit/vscodeTestHarness.ts,mapped,Yes,Reusable VS Code orchestration unit-test harness; mapped to VHS-REQ-614.
tests/unit/vscodeTestHarness.test.ts,mapped,Yes,VS Code orchestration harness proof tests; mapped to VHS-REQ-614.
tests/unit/runtimeSettingsLiveSessionProbe.test.ts,dev-only,No,Runtime settings probe tests; contributor validation tooling.
tests/unit/runtimeSettingsLiveSessionProbePacket.test.ts,dev-only,No,Runtime settings probe packet tests; contributor tooling.
tests/unit/runtimeSettingsLiveSessionSafeRestore.test.ts,dev-only,No,Runtime settings safe restore tests; contributor tooling.
tests/unit/securityMaintenanceWorkflows.test.ts,mapped,Yes,Security maintenance workflows tests; mapped through RTM.
tests/unit/viFile.test.ts,mapped,Yes,VI file tests; mapped through RTM.
tests/unit/viHistoryModel.test.ts,mapped,Yes,VI history model direct eligibility/window tests; mapped to VHS-REQ-006 VHS-REQ-008 and VHS-REQ-017.
tests/unit/viHistoryService.test.ts,mapped,Yes,VI history service tests; mapped through RTM.
tests/unit/viMagic.test.ts,mapped,Yes,VI magic tests; mapped through RTM.
tests/unit/viMagicWrapper.test.ts,mapped,Yes,VI magic wrapper tests; mapped through RTM.
tests/unit/linuxLabviewMaintainerWorkflow.test.ts,mapped,Yes,Linux LabVIEW maintainer workflow tests; mapped through RTM.
tests/unit/windowsLabviewMaintainerWorkflow.test.ts,mapped,Yes,Windows LabVIEW maintainer workflow tests; mapped through RTM.
tests/integration/suite/extensionHost.test.ts,mapped,Yes,Extension host integration tests; mapped through RTM.
tests/integration/suite/index.ts,dev-only,No,Integration test suite index; testing infrastructure.
tests/integration/runTests.ts,dev-only,No,Integration test runner; testing infrastructure.
tests/integration/prepareTestWorkspace.ts,dev-only,No,Integration test workspace preparation; testing infrastructure.
.github/workflows/ci.yml,release-ci,Yes,CI workflow with hosted DoD Gate / dod; mapped through RTM including VHS-REQ-597 and VHS-REQ-615.
.github/workflows/codeql.yml,mapped,Yes,CodeQL analysis workflow; mapped to VHS-REQ-602.
.github/workflows/devtools-release.yml,release-ci,Yes,"Dev-tools GitHub Release workflow; builds, self-verifies, and content-digest-dedups the versioned toolset artifact (dispatch dry-run default; develop=prerelease/main=stable); mapped to VHS-REQ-667."
.github/workflows/mutation.yml,mapped,Yes,Nightly advisory mutation-testing workflow running Stryker on the pure detection core; mapped to VHS-REQ-613.
.github/workflows/marketplace-release.yml,release-ci,Yes,Marketplace release workflow with retained evidence naming validation surfaces and artifacts; mapped through RTM including VHS-REQ-609 and VHS-REQ-615.
.github/workflows/package-test-vsix.yml,release-ci,Yes,Package test VSIX workflow; mapped through RTM.
.github/workflows/linux-labview-maintainer.yml,release-ci,Yes,Linux LabVIEW maintainer workflow; mapped through RTM.
.github/workflows/vi-semantic-pr-review.yml,release-ci,Yes,On-demand VI semantic PR review workflow; mapped through RTM (VHS-REQ-661).
.github/workflows/vi-semantic-pr-review-callable.yml,release-ci,Yes,Reusable (workflow_call) VI semantic PR review unit consumed by the dispatch workflow and external LabVIEW repos; mapped through RTM (VHS-REQ-661).
.github/workflows/windows-labview-maintainer.yml,release-ci,Yes,Windows LabVIEW maintainer workflow; mapped through RTM.
.github/dependabot.yml,release-ci,Yes,Dependabot configuration; mapped through RTM.
.github/ISSUE_TEMPLATE/bug_report.yml,asset-doc,Yes,Bug report template; mapped through RTM.
.github/ISSUE_TEMPLATE/config.yml,asset-doc,No,Issue template chooser/contact-link support surface.
.github/ISSUE_TEMPLATE/feature_request.yml,asset-doc,No,Feature request issue-intake support surface.
.github/ISSUE_TEMPLATE/first_time_onboarding_feedback.yml,asset-doc,Yes,First-time onboarding feedback template; mapped through RTM.
.github/ISSUE_TEMPLATE/requirement_target.yml,asset-doc,Yes,Requirement target template; mapped through RTM.
.github/pull_request_template.md,mapped,Yes,Lightweight requirement-targeted PR evidence contract template; mapped to VHS-REQ-615.
vitest.config.ts,mapped,Yes,Vitest coverage reporter and evidence-backed threshold configuration; mapped to VHS-REQ-597 and VHS-REQ-613.
stryker.config.mjs,dev-only,No,Stryker mutation-testing configuration scoped to src/domain; advisory assertion-quality signal (thresholds.break null); requires a local run.
tsconfig.json,dev-only,No,TypeScript configuration; development tooling.
tsconfig.integration.json,dev-only,No,TypeScript integration config; testing infrastructure.
package.json,mapped,Yes,Package manifest; mapped through RTM including VHS-REQ-626 export command contribution VHS-REQ-651 Command Palette exclusion and VHS-REQ-659 VI Preview custom editor contribution.
package-lock.json,supporting,No,Package lock file; dependency support.
README.md,asset-doc,Yes,Repository README; mapped through RTM.
INSTALL.md,asset-doc,Yes,Installation documentation; mapped through RTM.
FIRST-RUN.md,asset-doc,Yes,First-run documentation; mapped through RTM.
CHANGELOG.md,asset-doc,No,Changelog; release documentation.
CONTRIBUTING.md,asset-doc,No,Contributing guidelines; community documentation.
LICENSE,asset-doc,No,License file; legal documentation.
SECURITY.md,asset-doc,Yes,Security policy; mapped through RTM.
SUPPORT.md,asset-doc,Yes,Support documentation; mapped through RTM.
TROUBLESHOOTING.md,asset-doc,No,Troubleshooting documentation; user support.
docs/requirements/README.md,mapped,Yes,Requirements README; mapped through RTM.
docs/requirements/srs.md,mapped,Yes,Software requirements specification; mapped through RTM.
docs/requirements/syrs.md,mapped,Yes,System requirements specification; mapped through RTM.
docs/requirements/rtm.csv,mapped,Yes,Requirements traceability matrix; mapped through RTM.
docs/requirements/id-index.csv,mapped,Yes,ID index; mapped through RTM.
docs/requirements/runtime-validation-ledger.json,mapped,Yes,Committed real-runtime validation freshness ledger read by the risk-ledger runtime-fidelity dimension; mapped to VHS-REQ-601.
scripts/recordRuntimeValidation.js,mapped,Yes,Runtime-validation ledger recorder; safely records a comparison-runtime track's validated build version into the committed ledger read by the risk-ledger runtime-fidelity dimension; mapped to VHS-REQ-601.
docs/requirements/copilot-web-issue-generation-prompt.md,mapped,Yes,Copilot web issue generation prompt; mapped through RTM.
docs/development.md,asset-doc,Yes,Development documentation; mapped through RTM.
docs/maintainer-operations.md,asset-doc,Yes,Maintainer operations documentation including Marketplace release evidence contract guidance; mapped through RTM including VHS-REQ-609 and VHS-REQ-615.
docs/mcp-server.md,asset-doc,No,Copilot agent-mode MCP server and semantic VI-diff tool reference; documents the eight MCP tools and the published vi-history-suite schemas; reference documentation not directly mapped in RTM.
docs/cm/cm-plan.md,asset-doc,Yes,Configuration management proof map for baselines change control status accounting standards audit cadence user-information review triggers and documentation-workbench status; mapped through RTM including VHS-REQ-609 and VHS-REQ-615.
docs/architecture/overview.md,asset-doc,No,Architecture overview reference documentation; not directly mapped in RTM.
docs/architecture/adr/ADR-0001-github-first-release-and-traceability-governance.md,asset-doc,No,Architecture decision record reference documentation for GitHub-first release and traceability governance; not directly mapped in RTM.
docs/architecture/adr/ADR-0002-selected-file-on-demand-vi-history-eligibility.md,asset-doc,No,Architecture decision record reference documentation for selected-file on-demand VI History eligibility; not directly mapped in RTM.
docs/architecture/adr/ADR-0003-dynamic-labview-container-image-selection.md,asset-doc,No,Architecture decision record for dynamic LabVIEW container image selection (VHS-SYS-REQ-019 design of record); not directly mapped in RTM.
docs/architecture/adr/ADR-0004-version-aware-labview-container-execution.md,asset-doc,No,Architecture decision record for version-aware LabVIEW container execution (VHS-REQ-657 design of record; supersedes the 2026-pin aspect of ADR-0003); not directly mapped in RTM.
docs/architecture/diagnostics-bundle.md,asset-doc,No,Comparison runtime diagnostics bundle schema and analyzer guide; reference documentation supporting VHS-REQ-148 retained runtime evidence; not directly mapped in RTM.
docs/simplification/github-cutover-runbook.md,asset-doc,No,GitHub cutover runbook documentation; simplification process reference.
docs/simplification/github-first-simplification-analysis.md,asset-doc,No,GitHub-first simplification analysis documentation; process reference.
docs/testing/test-plan.md,asset-doc,Yes,Test plan documentation including release evidence retention expectations; mapped through RTM.
docs/vagrant.md,asset-doc,Yes,Vagrant documentation; mapped through RTM.
docs/requirements/traceability-inventory.csv,mapped,Yes,Traceability inventory; mapped through RTM.
docs/user-guide.md,asset-doc,No,Governed external user-information main guide for ISO 26514 audit posture; reference documentation not directly mapped in RTM.
docs/faq.md,asset-doc,No,Governed external user-information FAQ for ISO 26514 support and fallback routes; reference documentation not directly mapped in RTM.
docs/glossary.md,asset-doc,No,Governed external user-information glossary for shared terms; reference documentation not directly mapped in RTM.
docs/quick-reference.md,asset-doc,No,Governed external user-information quick-reference routes and commands; reference documentation not directly mapped in RTM.
docs/information-item-map.md,asset-doc,No,Governed external user-information item map for ownership triggers and proving evidence; reference documentation not directly mapped in RTM.
docs/information-for-users/plan.md,asset-doc,No,Governed external user-information plan and ISO 26514 claim boundary; reference documentation not directly mapped in RTM.
docs/information-for-users/audience-and-task-model.md,asset-doc,No,Governed external user-information audience and task model; reference documentation not directly mapped in RTM.
docs/information-for-users/delivery-profile.md,asset-doc,No,Governed external user-information delivery profile; reference documentation not directly mapped in RTM.
docs/information-for-users/navigation-and-search.md,asset-doc,No,Governed external user-information navigation and search policy; reference documentation not directly mapped in RTM.
docs/information-for-users/style-guide.md,asset-doc,No,Governed external user-information style and accessibility baseline; reference documentation not directly mapped in RTM.
resources/bundled-docs/manifest.json,mapped,Yes,Bundled documentation manifest asset delivered with the extension package; mapped to VHS-REQ-611.
resources/bundled-docs/pages/comparison-reports-and-dashboard-review.html,mapped,Yes,Bundled comparison/dashboard documentation page asset; mapped to VHS-REQ-611.
resources/bundled-docs/pages/install-and-release.html,mapped,Yes,Bundled install/release documentation page asset; mapped to VHS-REQ-611.
resources/bundled-docs/pages/overview.html,mapped,Yes,Bundled overview documentation page asset; mapped to VHS-REQ-611.
resources/bundled-docs/pages/user-workflow.html,mapped,Yes,Bundled user-workflow documentation page asset; mapped to VHS-REQ-611.
resources/bundled-docs/pages/copilot-agent-mode.html,mapped,Yes,Bundled Copilot agent-mode documentation page asset; mapped to VHS-REQ-611.
vagrant/Vagrantfile,supporting,Yes,Vagrant configuration; mapped through RTM.
vagrant/box-manifest.json,supporting,Yes,Committed Vagrant golden-box integrity manifest; verified CI-safe by the release-readiness box-manifest-integrity gate; mapped to VHS-REQ-666.
vagrant/provision/bootstrap.ps1,supporting,Yes,Vagrant bootstrap provisioner; mapped to VHS-REQ-599.
vagrant/provision/prepare-cold-labview.ps1,supporting,Yes,Vagrant cold LabVIEW preparation; mapped to VHS-REQ-599.
vagrant/provision/repair-vagrant-account.ps1,supporting,No,Interactive in-guest repair for a restricted vagrant account blocking WinRM/guest-control logon; local maintainer helper only.
vagrant/playwright/viPreviewViewerInteraction.cjs,supporting,No,"Maintainer Playwright harness that drives the shipped interactive block-diagram viewer builder in a real browser (case-stepper, arrow-key paging, nonce script); not a hosted-CI gate; mapped to VHS-REQ-659."
vagrant/verify-interactive-preview.cjs,supporting,No,"Maintainer driver that renders a real VI on host-native LabVIEW via the shipped out/ modules and asserts the interactive block-diagram document (nonce CSP, frames island, >=1 frame, inline images); not a hosted-CI gate; mapped to VHS-REQ-659."
vagrant/playwright/README.md,supporting,No,Maintainer runbook for the in-guest Playwright viewer interaction harness (kept out of npm test and root package.json); mapped to VHS-REQ-659.
.devcontainer/devcontainer.json,supporting,Yes,Devcontainer configuration; mapped through RTM.
.vscode/extensions.json,dev-only,No,VS Code recommended extensions; workspace configuration.
.vscode/launch.json,dev-only,No,VS Code debug launch configurations; workspace configuration.
.vscode/tasks.json,dev-only,No,VS Code task definitions; workspace configuration.
src/tooling/labviewInstallCatalog.ts,mapped,Yes,Shared host LabVIEW install-candidate catalog and single source of truth for activation detection and the comparison locator mapped to VHS-REQ-632.
src/tooling/containerImageCatalog.ts,mapped,Yes,LabVIEW container image tag model and registry/local discovery and selection resolution mapped to VHS-REQ-646 VHS-REQ-647 VHS-REQ-648 and VHS-REQ-650.
src/tooling/runtimeAutoDetect.ts,mapped,Yes,Filesystem-only host and Docker runtime detector mapped to VHS-REQ-616.
src/tooling/runtimeSettingsSeed.ts,mapped,Yes,Activation seed-or-repair policy for VI History runtime settings mapped to VHS-REQ-616.
src/ui/runtimeAvailabilityNotice.ts,mapped,Yes,Status bar and first-run missing-runtime notification surface mapped to VHS-REQ-617; LabVIEW CLI open-command gate helpers mapped to VHS-REQ-627; LabVIEW-installed CLI-missing install offer mapped to VHS-REQ-629; pre-panel VI Server open gate mapped to VHS-REQ-631.
src/ui/runtimeAvailabilityMessages.ts,supporting,No,"Runtime open-blocked/mismatch message builders (buildBitnessOpenBlockedMessage, buildVersionOpenBlockedMessage, buildContainerImagePlatformMismatchTooltip) extracted verbatim from runtimeAvailabilityNotice and re-exported to preserve the public API while separating pure window-free message building from status-bar/gate orchestration; supporting VHS-REQ-636, VHS-REQ-637, VHS-REQ-650."
src/ui/runtimeAvailabilityGatePredicates.ts,supporting,No,"Runtime open-gate predicates (isLabviewCliInstalled, isLabviewHostInstalledWithoutCli, isViServerExplicitlyEnabledInConfig) extracted verbatim from runtimeAvailabilityNotice and re-exported to preserve the public API while separating pure gate predicates from gate orchestration; supporting VHS-REQ-627, VHS-REQ-629, VHS-REQ-631."
src/ui/runtimeSelection.ts,supporting,No,"Runtime selection logic (selectActiveRuntime, evaluateRuntimeAvailability, decideFirstRunPresentation) extracted verbatim from runtimeAvailabilityNotice and re-exported to preserve the public API while isolating persisted-vs-detected provider selection and first-run presentation decisions; supporting VHS-REQ-620, VHS-REQ-657."
src/ui/runtimeStatusBarPresentation.ts,supporting,No,"Runtime status-bar presentation builders (buildStatusBarPresentation, buildAvailableStatusBarSuffix, resolveDefaultDockerImageLabelTag) and status-bar text/tooltip/default-image-tag constants extracted verbatim from runtimeAvailabilityNotice and re-exported to preserve the public API while isolating label rendering from runtime orchestration; supporting VHS-REQ-620, VHS-REQ-650."
src/commands/runtimeCommands.ts,mapped,Yes,Runtime convenience commands (detectRuntimeNow; resetFirstRunNotice; showRuntimeSummary) mapped to VHS-REQ-617.
tests/unit/labviewInstallCatalog.test.ts,mapped,Yes,Install catalog builder unit tests mapped to VHS-REQ-632.
tests/unit/runtimeAutoDetect.test.ts,mapped,Yes,Detector unit tests mapped to VHS-REQ-616.
tests/unit/runtimeSettingsSeed.test.ts,mapped,Yes,Settings seed-or-repair unit tests mapped to VHS-REQ-616.
tests/unit/runtimeAvailabilityNotice.test.ts,mapped,Yes,Missing-runtime UX unit tests mapped to VHS-REQ-617; LabVIEW CLI open-command gate tests mapped to VHS-REQ-627; LabVIEW-installed CLI-missing install offer tests mapped to VHS-REQ-629; pre-panel VI Server open gate tests mapped to VHS-REQ-631.
tests/unit/runtimeAvailabilityMessages.test.ts,supporting,No,"Runtime open-blocked/mismatch message builder unit tests (bitness/version blocked-open toasts with/without year+bitness, container-image platform-mismatch tooltip); supporting VHS-REQ-636, VHS-REQ-637, VHS-REQ-650."
tests/unit/runtimeAvailabilityGatePredicates.test.ts,supporting,No,"Runtime open-gate predicate unit tests (LabVIEW CLI installed/host-without-CLI detection, explicit VI Server TCP enablement parsing); supporting VHS-REQ-627, VHS-REQ-629, VHS-REQ-631."
tests/unit/runtimeSelection.test.ts,supporting,No,"Runtime selection unit tests (persisted host/docker selection, auto-detect fallback, first-run presentation decision); supporting VHS-REQ-620, VHS-REQ-657."
tests/unit/runtimeStatusBarPresentation.test.ts,supporting,No,"Runtime status-bar presentation unit tests (host/docker suffix rendering, default-image-tag resolution, available/warning/missing status-bar text + tooltip); supporting VHS-REQ-620, VHS-REQ-650."
tests/unit/runtimeCommands.test.ts,mapped,Yes,Runtime convenience command unit tests mapped to VHS-REQ-617.
src/tooling/gitPrerequisiteDetect.ts,mapped,Yes,Git --version probe with injectable runner mapped to VHS-REQ-619.
src/ui/gitPrerequisiteNotice.ts,mapped,Yes,Git prerequisite status bar and first-run notice helpers mapped to VHS-REQ-619.
tests/unit/gitPrerequisiteDetect.test.ts,mapped,Yes,Git --version probe unit tests mapped to VHS-REQ-619.
tests/unit/gitPrerequisiteNotice.test.ts,mapped,Yes,Git prerequisite UX helper unit tests mapped to VHS-REQ-619.
src/commands/pickRuntimeProviderCommand.ts,mapped,Yes,Runtime provider selection helpers (builders and settings writer) reused by the Runtime & Report Settings panel mapped to VHS-REQ-620.
src/ui/runtimeReportPanel.ts,mapped,Yes,Runtime & Report Settings panel renderer covering runtime provider container image report include/ignore inversion and shared panel escaping; mapped to VHS-REQ-017 VHS-REQ-620 VHS-REQ-645 and VHS-REQ-651.
src/commands/openRuntimeReportPanelCommand.ts,mapped,Yes,Runtime & Report Settings panel command opening the secondary webview and persisting runtime container and report selections mapped to VHS-REQ-620 VHS-REQ-645 and VHS-REQ-651.
src/commands/pickContainerImageVersionCommand.ts,mapped,Yes,LabVIEW container image version quick-pick command with injected registry/local discovery boundaries mapped to VHS-REQ-647 VHS-REQ-648 and VHS-REQ-649.
src/tooling/dockerDaemonPlatform.ts,mapped,Yes,Docker daemon container-mode prober and confirmed-platform resolver shared by the image-version picker and the runtime status bar mapped to VHS-REQ-649 and VHS-REQ-650.
tests/unit/pickContainerImageVersionCommand.test.ts,mapped,Yes,Container image version quick-pick and discovery combiner unit tests mapped to VHS-REQ-647 VHS-REQ-648 and VHS-REQ-649.
tests/unit/dockerDaemonPlatform.test.ts,mapped,Yes,Docker daemon container-mode prober and confirmed-platform resolver unit tests mapped to VHS-REQ-649 and VHS-REQ-650.
tests/unit/containerImageCatalog.test.ts,mapped,Yes,Container image tag model and discovery unit tests mapped to VHS-REQ-646 VHS-REQ-647 and VHS-REQ-648.
tests/unit/pickRuntimeProviderCommand.test.ts,mapped,Yes,Runtime provider selection helper unit tests mapped to VHS-REQ-620.
tests/unit/runtimeReportPanel.test.ts,mapped,Yes,Runtime & Report Settings panel renderer unit tests mapped to VHS-REQ-017 VHS-REQ-620 and VHS-REQ-645.
tests/unit/openRuntimeReportPanelCommand.test.ts,mapped,Yes,Runtime & Report Settings panel command unit tests mapped to VHS-REQ-620 VHS-REQ-645 and VHS-REQ-651.
tests/unit/comparisonReportOptionSelection.test.ts,mapped,Yes,Comparison report option settings writer unit tests mapped to VHS-REQ-645.
tests/unit/runtimeAvailabilityWatcher.test.ts,mapped,Yes,Reactive runtime availability watcher unit tests mapped to VHS-REQ-617 and VHS-REQ-620.
scripts/runWindowsRuntimeMatrix.js,mapped,Yes,Windows runtime conflict verification harness driver; mapped to VHS-REQ-622.
scripts/checkMaintainerRunnerPrerequisites.js,mapped,Yes,Maintainer runner prerequisite doctor; mapped to VHS-REQ-598 and VHS-REQ-652.
tests/unit/runWindowsRuntimeMatrixScript.test.ts,mapped,Yes,Windows runtime conflict verification harness driver tests; mapped to VHS-REQ-622.
tests/unit/checkMaintainerRunnerPrerequisites.test.ts,mapped,Yes,Maintainer runner prerequisite doctor tests; mapped to VHS-REQ-598 and VHS-REQ-652.
tests/unit/windowsRuntimeMatrixWorkflow.test.ts,mapped,Yes,Windows runtime matrix workflow contract tests; mapped to VHS-REQ-622.
.github/workflows/windows-runtime-matrix.yml,release-ci,Yes,Windows runtime matrix workflow; mapped to VHS-REQ-622.
src/tooling/dockerImagePullProgress.ts,mapped,Yes,Docker Engine API image-pull progress parser aggregator and injectable stream; mapped to VHS-REQ-654.
tests/unit/dockerImagePullProgress.test.ts,mapped,Yes,Docker image pull progress module unit tests; mapped to VHS-REQ-654.
src/tooling/dockerImageDownloadSize.ts,mapped,Yes,Docker Hub registry manifest download-size resolver for the stable byte-percentage; mapped to VHS-REQ-655.
tests/unit/dockerImageDownloadSize.test.ts,mapped,Yes,Registry manifest download-size resolver unit tests; mapped to VHS-REQ-655.
src/reporting/viPreview/viPreviewCommandPlan.ts,mapped,Yes,Single-VI preview LabVIEWCLI PrintToSingleFileHtml command-plan builders (host + Linux container); mapped to VHS-REQ-659.
tests/unit/viPreviewCommandPlan.test.ts,mapped,Yes,Single-VI preview command-plan builder unit tests; mapped to VHS-REQ-659.
src/reporting/viPreview/viPreviewExecution.ts,mapped,Yes,"Single-VI preview execution orchestrator (host-native + Linux/Windows-container plan selection, run, outcome classification with a host-native cold-launch -350000 VI Server retry mirroring the container in-script retry); mapped to VHS-REQ-659."
tests/unit/viPreviewExecution.test.ts,mapped,Yes,Single-VI preview execution orchestrator unit tests; mapped to VHS-REQ-659.
tests/unit/localViServerAcquisitionLock.test.ts,mapped,Yes,"Local VI Server acquisition serialization primitive unit tests (FIFO single-flight per endpoint key, distinct-key concurrency, idempotent release); mapped to VHS-REQ-669."
src/reporting/viPreview/viPreviewFileRender.ts,mapped,Yes,Single-VI preview on-disk file render orchestration (temp workspace staging + cleanup); mapped to VHS-REQ-659.
tests/unit/viPreviewFileRender.test.ts,mapped,Yes,Single-VI preview file render orchestration unit tests; mapped to VHS-REQ-659.
src/reporting/viPreview/viPreviewRuntimeAdapter.ts,mapped,Yes,Adapts the comparison runtime selection to the preview runtime selection; mapped to VHS-REQ-659.
tests/unit/viPreviewRuntimeAdapter.test.ts,mapped,Yes,Single-VI preview runtime adapter unit tests; mapped to VHS-REQ-659.
src/reporting/viPreview/viPreviewWebview.ts,mapped,Yes,Single-VI preview webview document assembly with strict CSP; mapped to VHS-REQ-659.
src/reporting/viPreview/viPreviewRenderSource.ts,mapped,Yes,Preview render-source resolver; materializes a non-file (git diff base) preview URI to a temp copy so it renders committed bytes not the working-tree file; mapped to VHS-REQ-659.
src/reporting/viPreview/viPreviewFramesModel.ts,mapped,Yes,"Position-aware frames model + pure normalizer/structure grouping for the interactive block-diagram preview (root diagram plus in-place case structures); mapped to VHS-REQ-659."
src/reporting/viPreview/viPreviewFramesViewer.ts,mapped,Yes,"Pure interactive block-diagram viewer webview document builder (nonce-CSP scripted in-place case steppers with pan/zoom) over the frames model; mapped to VHS-REQ-659."
src/reporting/viPreview/viPreviewFlatFrames.ts,mapped,Yes,"Pure flat-export frames extractor: decodes PNG IHDR sizes and groups PrintToSingleFileHtml block-diagram images into a frames model (structures grouped by pixel size) so the interactive viewer works before the position-aware export; mapped to VHS-REQ-659."
src/reporting/viPreview/viPreviewRenderMode.ts,mapped,Yes,"Pure preview render-mode selector: assembles the interactive frames viewer or the static flat webview from rendered LabVIEW HTML, falling back to the document when no frames extract; mapped to VHS-REQ-659."
tests/unit/viPreviewWebview.test.ts,mapped,Yes,Single-VI preview webview document unit tests; mapped to VHS-REQ-659.
tests/unit/viPreviewRenderSource.test.ts,mapped,Yes,Preview render-source resolver unit tests; mapped to VHS-REQ-659.
tests/unit/viPreviewFramesModel.test.ts,mapped,Yes,Frames-model normalizer and structure-grouping unit tests; mapped to VHS-REQ-659.
tests/unit/viPreviewFramesViewer.test.ts,mapped,Yes,Interactive frames viewer document builder unit tests (nonce CSP + JSON island safety); mapped to VHS-REQ-659.
tests/unit/viPreviewFlatFrames.test.ts,mapped,Yes,Flat-export frames extractor unit tests (PNG IHDR size decode + block-diagram grouping); mapped to VHS-REQ-659.
tests/unit/viPreviewRenderMode.test.ts,mapped,Yes,Preview render-mode selector unit tests (interactive vs document + fallback); mapped to VHS-REQ-659.
src/ui/viPreviewEditor.ts,mapped,Yes,VI preview read-only custom editor provider (host binding for the single-VI preview); mapped to VHS-REQ-659.
tests/unit/viPreviewEditor.test.ts,mapped,Yes,VI preview custom editor provider host-binding tests; mapped to VHS-REQ-659.
src/reporting/viPreview/viPreviewStaging.ts,mapped,Yes,Dependency-aware staging planner for single-VI preview (LabVIEW source-tree selection with size/count guard); mapped to VHS-REQ-659.
tests/unit/viPreviewStaging.test.ts,mapped,Yes,Single-VI preview staging planner unit tests; mapped to VHS-REQ-659.
src/reporting/viPreview/viPreviewCache.ts,mapped,Yes,Single-VI preview render cache (staged-file-identity key + file-backed store with eviction); mapped to VHS-REQ-659.
tests/unit/viPreviewCache.test.ts,mapped,Yes,Single-VI preview render cache unit tests; mapped to VHS-REQ-659.
src/reporting/viPreview/viPreviewCacheWarmer.ts,mapped,Yes,Background preview cache warmer progress math and serial warm loop; mapped to VHS-REQ-659.
tests/unit/viPreviewCacheWarmer.test.ts,mapped,Yes,Preview cache warmer progress and loop unit tests; mapped to VHS-REQ-659.
src/ui/viPreviewRenderHost.ts,mapped,Yes,"Shared VS Code host bindings for preview rendering (cache, render deps, runtime resolution) reused by the editor and warmer; mapped to VHS-REQ-659."
src/ui/viPreviewCacheWarmerService.ts,mapped,Yes,Background preview cache warmer service with status-bar progress; warming is governed by viHistorySuite.preview.backgroundWarming (docker-only default | always | off) via shouldWarmViPreviewProvider; mapped to VHS-REQ-659.
src/ui/viPreviewContainerSession.ts,mapped,Yes,Warm LabVIEW container session for fast preview rendering (docker exec against a resident LabVIEW); mapped to VHS-REQ-659.
src/ui/viPreviewSessionManager.ts,mapped,Yes,Shared warm-session manager (serialized interactive-prioritized renders + idle disposal) used by the editor and warmer; mapped to VHS-REQ-659.
tests/unit/viPreviewSessionManager.test.ts,mapped,Yes,Shared warm-session manager render-priority selector unit tests; mapped to VHS-REQ-659.
src/reporting/viPreview/viPreviewSessionRuntime.ts,mapped,Yes,Pure warm-session runtime mapping and platform gating (container providers plus host-native on Windows) and session identity key; mapped to VHS-REQ-659.
tests/unit/viPreviewSessionRuntime.test.ts,mapped,Yes,Warm-session runtime mapping/gating and session key unit tests; mapped to VHS-REQ-659.
src/reporting/viPreview/viPreviewVerification.ts,mapped,Yes,Pure single-VI preview render verification core (renders a sample VI and summarizes a proof: outcome plus inline image count); mapped to VHS-REQ-659.
tests/unit/viPreviewVerification.test.ts,mapped,Yes,Single-VI preview render verification core unit tests; mapped to VHS-REQ-659.
src/tooling/viPreviewVerifyCli.ts,mapped,Yes,"Proof-emitting CLI preview verification (resolves the runtime, renders a sample VI, emits proof JSON) for the maintainer runner; mapped to VHS-REQ-659."
src/tooling/execFileText.ts,supporting,No,"Shared structured execFile text runner (success/failure -> exitCode/stdout/stderr mapping) reused by the preview render host, container session, and verify CLI; supporting VHS-REQ-659."
src/tooling/cliFlags.ts,supporting,No,"Shared strict CLI flag scanner (scanFlags) reused by the dev-host loop and local-runtime settings CLI parsers; preserves each caller's value semantics and error formatting; supporting VHS-REQ-614."
src/support/pathStyle.ts,supporting,No,"Shared POSIX-aware path helpers (usesExplicitPosixPathStyle, joinPreservingExplicitPathStyle) reused by dashboard and reporting staged-tree layout; supporting VHS-REQ-610."
src/support/fsExists.ts,supporting,No,"Shared filesystem-existence predicate (pathExistsViaFsAccess) reused as the default path-exists probe across dashboard and reporting modules; supporting VHS-REQ-610."
src/support/clock.ts,supporting,No,"Shared default ISO-8601 clock (nowIso) reused as the default now/nowIso seam across dashboard, reporting, and scenario modules; supporting VHS-REQ-610."
src/support/errorMessage.ts,supporting,No,"Shared error-message coercion (errorMessage) reused to derive a human-readable message from unknown caught values across cli, semantic, reporting, and tooling modules; supporting VHS-REQ-610."
src/support/escapeHtml.ts,supporting,No,"Shared HTML text escaper (escapeHtml) reused for safe text interpolation across ui, dashboard, reporting, and docs markup renderers; supporting VHS-REQ-610."
src/support/cacheKey.ts,supporting,No,"Shared cache-key validator (isSha256HexKey) reused by the preview render, semantic narrative, and comparison model caches to guard content-addressed keys; supporting VHS-REQ-610."
src/support/deterministicId.ts,supporting,No,"Shared deterministic id helper (createDeterministicId) reused by the report archive, report plan, and multi-report dashboard to derive short stable SHA-256-based ids; supporting VHS-REQ-610."
src/support/requireNonEmpty.ts,supporting,No,"Shared non-empty string validator (requireNonEmpty) reused by the report archive, report preflight, and report plan to trim required fields and fail closed on blanks; supporting VHS-REQ-610."
src/support/jsonArtifact.ts,supporting,No,"Shared canonical JSON artifact serializer (serializeJsonArtifact) reused by cli, reporting, and tooling writers to emit pretty-printed newline-terminated JSON; supporting VHS-REQ-610."
src/reporting/runtime/windowsTasklistParsing.ts,supporting,No,"Windows tasklist CSV parsing and runtime-process name matching helpers extracted verbatim from comparisonReportRuntimeExecution to keep pure parsing separate from runtime orchestration; supporting VHS-REQ-659."
src/reporting/runtime/safeRelativeSubpath.ts,supporting,No,"Pure relative-subpath safety predicate (isSafeRelativeSubpath) extracted verbatim from comparisonReportRuntimeExecution and imported back to preserve behavior while isolating submodule-destination containment validation (rejecting absolute, drive-qualified, and dot-traversal paths) from runtime-execution orchestration; supporting VHS-REQ-624."
src/reporting/runtime/cancellationMessage.ts,supporting,No,"Pure cancellation-marker appender (appendCancellationMessage) extracted verbatim from comparisonReportRuntimeExecution and imported back to preserve behavior while isolating idempotent 'comparison-command cancelled by user' stderr marker insertion from runtime-execution orchestration; supporting VHS-REQ-659."
tests/unit/cancellationMessage.test.ts,supporting,No,"Direct unit tests for the pure appendCancellationMessage helper covering append, empty-input, idempotent-presence, and case-insensitive-presence branches; supporting VHS-REQ-659."
src/reporting/runtime/windowsColdLaunchRecovery.ts,supporting,No,"Pure Windows cold-launch recovery-eligibility predicate (shouldAttemptWindowsColdLaunchRecovery) extracted verbatim from comparisonReportRuntimeExecution and imported back to preserve behavior while isolating the host-native labview-cli connection-failure single-retry gate from runtime-execution orchestration; supporting VHS-REQ-148."
src/reporting/runtime/cancellationSubscription.ts,supporting,No,"Pure cancellation-subscription helper (subscribeToCancellation) extracted verbatim from comparisonReportRuntimeExecution and imported back to preserve behavior while isolating cancellation-token onCancellationRequested listener wiring and idempotent unsubscribe from runtime-execution orchestration; supporting VHS-REQ-659."
src/reporting/runtime/linuxHeadlessPredicates.ts,supporting,No,"Pure Linux headless recovery/diagnostics predicates (shouldCaptureLinuxHeadlessDiagnostics, shouldAttemptLinuxHeadlessRecovery) extracted verbatim from comparisonReportRuntimeExecution and imported back to preserve behavior while isolating linux labview-cli headless-diagnostics capture and recursive-load recovery eligibility (including the cli-headless container-profile gate) from runtime-execution orchestration; supporting VHS-REQ-657."
src/reporting/runtime/windowsHeadlessPredicates.ts,supporting,No,"Pure Windows headless recovery predicates (wasWindowsHeadlessLabviewCliExecutionRequested, shouldAttemptWindowsHeadlessRecovery) extracted verbatim from comparisonReportRuntimeExecution and imported back to preserve behavior while isolating headless-request detection and the win32 call-by-reference headless-recovery gate from runtime-execution orchestration; supporting VHS-REQ-657."
src/reporting/runtime/windowsContainerDirectCommandScript.ts,supporting,No,"Pure Windows-container direct-command PowerShell script builder (buildWindowsContainerDirectCommandScript) extracted verbatim from comparisonReportRuntimeExecution and imported back to preserve behavior while isolating the merged-stdout/stderr capture, blank-line filtering, and exit-code propagation script emission from runtime-execution orchestration; supporting VHS-REQ-659."
src/reporting/runtime/windowsRuntimeObservationFormatting.ts,supporting,No,"Windows runtime-observation formatting helpers (describeObservedRuntimeProcesses, describeObservedWindowsTcpListeners) extracted verbatim from comparisonReportRuntimeExecution to keep pure diagnostics formatting separate from runtime orchestration; supporting VHS-REQ-659."
src/reporting/runtime/comparisonProcessErrorNormalization.ts,supporting,No,"Comparison process-error normalization helpers (extractErrorCode, normalizeComparisonProcessError) extracted verbatim from comparisonReportRuntimeExecution to keep pure error-shape normalization separate from runtime orchestration; supporting VHS-REQ-659."
src/reporting/runtime/labviewExecutablePathInference.ts,supporting,No,"LabVIEW executable-path inference helpers (inferLabviewBitnessFromExecutablePath, inferLabviewYearFromExecutablePath, inferSupportedLabviewYearFromExecutablePath) extracted verbatim from comparisonReportRuntimeExecution to keep pure display-only path inference separate from runtime orchestration; supporting VHS-REQ-621."
src/reporting/runtime/windowsInteropPaths.ts,supporting,No,"Windows interop path normalization helpers (normalizeWindowsInteropPath, normalizeWindowsInteropExecutable, normalizeComparablePath) extracted verbatim from comparisonReportRuntimeExecution to keep pure path-shape normalization separate from runtime orchestration; supporting VHS-REQ-624."
src/reporting/runtime/shellScriptEncoding.ts,supporting,No,"Shell script encoding and quoting helpers (resolveWindowsPowerShellHostExecutable, encodeWindowsPowerShellScript, quotePowerShellLiteral, quoteBashLiteral, buildWindowsPowerShellArrayLiteral, buildBashArrayLiteral) extracted verbatim from comparisonReportRuntimeExecution to keep pure PowerShell/bash encoding separate from runtime orchestration; supporting VHS-REQ-659."
src/reporting/runtime/windowsContainerRuntimeFacts.ts,supporting,No,"Windows container runtime metadata parsing helpers (parseWindowsContainerRuntimeFacts + WindowsContainerRuntimeFacts type) extracted verbatim from comparisonReportRuntimeExecution to keep pure stdout metadata parsing separate from runtime orchestration; supporting VHS-REQ-659."
src/reporting/runtime/windowsNetstatListeners.ts,supporting,No,"Windows netstat listener parsing and System32 executable resolution helpers (resolveWindowsSystem32Executable, parseWindowsNetstatListeners) extracted verbatim from comparisonReportRuntimeExecution to keep pure netstat parsing separate from runtime orchestration; supporting VHS-REQ-659."
src/reporting/runtime/labviewCliDiagnostics.ts,supporting,No,"LabVIEW CLI diagnostics classification and diagnostic-path resolution helpers (parseLabviewCliDiagnosticLogPath, resolveHostReadableDiagnosticPath, resolveMappedRuntimeDiagnosticPath, classifyLabviewCliDiagnosticText) extracted verbatim from comparisonReportRuntimeExecution to keep pure diagnostic classification separate from runtime orchestration; supporting VHS-REQ-659."
src/reporting/runtime/diagnosticNotes.ts,supporting,No,"Diagnostic note assembly and command-arg helpers (isLabviewCliLogOnlyStdout, mergeDiagnosticNotes, buildProcessObservationNotes, extractCommandOptionValue) extracted verbatim from comparisonReportRuntimeExecution to keep pure note merging separate from runtime orchestration; supporting VHS-REQ-659."
src/reporting/runtime/runtimePathHelpers.ts,supporting,No,"Runtime path helpers (isPathInsideDirectory, posixDirname, buildReportAssetsDirectoryPath) extracted verbatim from comparisonReportRuntimeExecution to keep pure path containment/dirname/assets-path derivation separate from runtime orchestration; supporting VHS-REQ-659."
src/reporting/runtime/runtimeFailureClassification.ts,supporting,No,"Runtime failure classification helpers (classifyRuntimeFailure, classifyCancelledRuntimeFailure, classifyTimedOutRuntimeDiagnostic) extracted verbatim from comparisonReportRuntimeExecution to keep pure failure/timeout/cancellation classification separate from runtime orchestration; supporting VHS-REQ-659."
src/reporting/runtime/runtimeTextReplacements.ts,supporting,No,"Runtime report text-replacement helpers (RuntimeTextReplacement type, buildLinuxContainerRuntimeFilenameAlias, applyRuntimeTextReplacements) extracted verbatim from comparisonReportRuntimeExecution to keep pure text replacement separate from runtime orchestration; supporting VHS-REQ-659."
src/reporting/runtime/selectDiagnosticReason.ts,supporting,No,"Diagnostic reason selection helper (selectDiagnosticReason) extracted verbatim from comparisonReportRuntimeExecution to keep pure diagnostic-reason priority selection separate from runtime orchestration; supporting VHS-REQ-659."
src/reporting/runtime/labviewVersionSelection.ts,supporting,No,"LabVIEW version selection helpers (normalizeRequestedLabviewVersion, isSupportedComparisonReportLabviewVersion, matchesRequestedLabviewVersion) extracted verbatim from comparisonRuntimeLocator to keep pure requested-version normalization and candidate matching separate from runtime locator orchestration; supporting VHS-REQ-659."
src/reporting/runtime/hostNativeRejection.ts,supporting,No,"Host-native provider rejection mapping helpers (deriveHostNativeRejectedReason, deriveHostNativeRejectedDetail, describeWindowsTcpListeners) extracted verbatim from comparisonRuntimeLocator to keep pure rejection-reason mapping separate from runtime locator orchestration; supporting VHS-REQ-659."
src/reporting/runtime/candidatePathHelpers.ts,supporting,No,"Runtime tool candidate path helpers (normalizeCandidatePath, dedupeCandidates) extracted verbatim from comparisonRuntimeLocator to keep pure candidate-path normalization and de-duplication separate from runtime locator orchestration; supporting VHS-REQ-659."
src/reporting/runtime/containerImageReference.ts,supporting,No,"Container image reference resolution helper (resolveConfiguredContainerImageReference) extracted verbatim from comparisonRuntimeLocator to keep pure image-reference precedence resolution separate from runtime locator orchestration; supporting VHS-REQ-650."
src/reporting/runtime/bitnessHelpers.ts,supporting,No,"Runtime bitness helpers (describeBitness, inferBitnessFromPath) extracted verbatim from comparisonRuntimeLocator to keep pure bitness labeling and path-based inference separate from runtime locator orchestration; supporting VHS-REQ-633."
src/reporting/comparisonReportActionSettingsPrimitives.ts,supporting,No,"Comparison report action settings primitives (readTrimmedStringSetting, readConfiguredLabviewBitness, readConfiguredRuntimeProvider, readBooleanSetting) extracted verbatim from comparisonReportAction to keep pure workspace-settings normalization separate from command/panel orchestration; supporting VHS-REQ-645."
src/reporting/comparisonReportArchiveRecordValidation.ts,supporting,No,"Archived comparison report record validators (isValidArchivedComparisonReportSourceRecord + private structural predicates) extracted verbatim from comparisonReportAction to keep pure archive-record validation separate from command/panel orchestration; supporting VHS-REQ-626."
src/reporting/comparisonReportPanelHtmlPostProcessing.ts,supporting,No,"Comparison report panel HTML post-processing helpers (ensureTrailingSlash, enableLazyImageLoading) extracted verbatim from comparisonReportAction to keep pure webview-HTML string transforms separate from command/panel orchestration; supporting VHS-REQ-626."
src/reporting/comparisonReportConflictMessaging.ts,supporting,No,"Comparison report runtime-conflict messaging (Docker daemon/install, host bitness/version, container-image-platform-mismatch, VI-version-too-new predicates and platform-aware toast builders) extracted verbatim from comparisonReportAction and re-exported to preserve the public API while separating pure conflict messaging from command/panel orchestration; supporting VHS-REQ-642, VHS-REQ-643, VHS-REQ-658."
src/reporting/comparisonReportCliConnectTimeout.ts,supporting,No,"Comparison report LabVIEW CLI connect-timeout window (DEFAULT/MIN/MAX constants and clampCliConnectTimeoutSeconds) extracted verbatim from comparisonReportAction and re-exported to preserve the public API while separating the pure timeout clamp from command/panel orchestration; supporting VHS-REQ-148."
src/reporting/comparisonReportSettingsReaders.ts,supporting,No,"Comparison report workspace-configuration readers (readComparisonRuntimeSettings, readComparisonReportOptions, readCliConnectTimeoutSeconds, readWorktreeSnapshotRetentionLimit) extracted verbatim from comparisonReportAction and re-exported to preserve the public API while separating settings normalization from command/panel orchestration; supporting VHS-REQ-148, VHS-REQ-633, VHS-REQ-641, VHS-REQ-645, VHS-REQ-650."
tests/unit/viPreviewVerifyCli.test.ts,mapped,Yes,Preview verification CLI resolve-and-verify unit tests; mapped to VHS-REQ-659.
src/git/revisionViTree.ts,mapped,Yes,Revision VI-tree materializer (parses git ls-tree output and stages a revision's VI plus sibling source tree for preview); mapped to VHS-REQ-659.
tests/unit/revisionViTree.test.ts,mapped,Yes,Revision VI-tree materializer and ls-tree parser unit tests; mapped to VHS-REQ-659.
src/semantic/viSemanticModel.ts,mapped,Yes,VI semantic comparison model projecting the parsed NI comparison report onto the versioned vi-history-suite/vi-semantic-comparison@v1 schema with a what-changed narrative; surfaced in the VHS-REQ-610 dashboard entries and exposed to agents via the MCP server; mapped through RTM (VHS-REQ-662).
src/semantic/viSemanticComparisonMcp.ts,mapped,Yes,Dependency-free JSON-RPC 2.0 MCP handler exposing the VI semantic comparison model to agents (summarize_vi_comparison get_vi_semantic_comparison compare_vi_revisions summarize_vi_history index_repository_vis build_vi_pr_review get_vi_semantic_schema and validate_vi_semantic_document tools); mapped through RTM (VHS-REQ-662).
src/semantic/compareViRevisions.ts,mapped,Yes,Dependency-injected orchestrator that invokes a real LabVIEW comparison for two VI revisions through the vscode-free reporting primitives and projects the produced report onto the semantic model; powers the compare_vi_revisions MCP tool; mapped through RTM (VHS-REQ-662).
src/semantic/repositoryTarget.ts,supporting,No,Shared repository-target validator (repo-root require/resolve and repository-relative path-escape guard) reused across the semantic model entrypoints; supporting VHS-REQ-662 semantic comparison models.
src/semantic/viComparisonModelCache.ts,mapped,Yes,Content-addressed cache of produced VI comparison models keyed by each side's revision commit id plus the report type; a hit reuses the model and skips the container comparison; file-backed and best-effort; mapped through RTM (VHS-REQ-662).
src/reporting/viPreview/viChangeWarmScheduler.ts,mapped,Yes,On-change warm core (per-path debounce coalescing plus Docker/opt-in/trust gating and a best-effort independent per-VI warm orchestrator); vscode-free and injected-timer testable; mapped to VHS-REQ-664.
src/ui/viChangeWarmerService.ts,mapped,Yes,On-change warmer host binding registering a FileSystemWatcher for LabVIEW source files and processing debounced settled changes one at a time through the warm core; mapped to VHS-REQ-664.
tests/unit/viChangeWarmScheduler.test.ts,mapped,Yes,On-change warm scheduler/gating/orchestrator unit tests; mapped to VHS-REQ-664.
src/semantic/viSemanticHistory.ts,mapped,Yes,Dependency-injected orchestrator that walks a VI Git revision history and invokes the comparison engine across adjacent pairs to build a versioned vi-history-suite/vi-semantic-history@v1 evolution timeline; powers the summarize_vi_history MCP tool; mapped through RTM (VHS-REQ-662).
src/semantic/viSemanticReviewMarkdown.ts,mapped,Yes,Pure renderers that turn the semantic comparison history and PR-review models into review-ready Markdown blocks for PR comments and CI summaries; back the markdown output format of the MCP tools and carry the sticky PR-review comment marker; mapped through RTM (VHS-REQ-661).
src/semantic/viSemanticNoChangeDetection.ts,mapped,Yes,Pure no-substantive-change detection for a VI semantic PR review: flags VIs that appear changed in Git but whose completed comparison found zero itemized detail differences (the empty-swap false-positive) so the review can call them out; mapped through RTM (VHS-REQ-661).
src/semantic/viComparisonReportImages.ts,mapped,Yes,Pure helpers that decode the overview difference images embedded as base64 data URIs in a self-contained NI comparison report and select/cap them for inline hosting in the review comment; dependency-free with no network; mapped through RTM (VHS-REQ-661).
src/semantic/viReviewCommitStatus.ts,mapped,Yes,Pure planner mapping a VI semantic PR review onto a GitHub commit-status state and description (success/failure) so the review can be a gateable PR status with a plain statuses:write token; dependency-free with no network; mapped through RTM (VHS-REQ-661).
src/semantic/viRepositoryIndex.ts,mapped,Yes,Dependency-injected orchestrator that surveys a repository's tracked VIs via Git (revision count and latest change per VI activity-ranked) to build a versioned vi-history-suite/vi-repository-index@v1 model; powers the index_repository_vis MCP tool with no LabVIEW runtime; mapped through RTM (VHS-REQ-662).
src/semantic/viSemanticSchemas.ts,mapped,Yes,Open VI-diff standard - Draft-07 JSON Schemas for the comparison history and repository-index models plus a dependency-free subset validator; backs the get_vi_semantic_schema and validate_vi_semantic_document MCP tools; mapped through RTM (VHS-REQ-662).
src/semantic/viSemanticPrReview.ts,mapped,Yes,VI semantic PR review aggregator comparing the VIs changed between two revisions into a versioned vi-semantic-pr-review@v1 model (Markdown renderer in viSemanticReviewMarkdown); headless foundation for CI LabVIEW PR review and the build_vi_pr_review MCP tool; mapped through RTM (VHS-REQ-661).
src/semantic/stickyPrComment.ts,mapped,Yes,Pure dependency-free planner deciding whether to create or update a sticky pull-request comment identified by a hidden marker; backs the sticky upsert used by the PR-review CLI and AI reviewers.
src/cli/runViSemanticMcpServer.ts,dev-only,No,Stdio entrypoint wiring newline-delimited JSON-RPC to the VI semantic MCP handler and injecting the comparison orchestrator; thin host binding excluded from coverage.
src/cli/runViSemanticPrReview.ts,mapped,Yes,Headless CLI entrypoint for the VI semantic PR review wiring the real comparison and writing Markdown plus JSON artifacts; thin host binding excluded from coverage.
src/mcp/viSemanticMcpServerProvider.ts,mapped,Yes,VS Code MCP server definition provider registration exposing the VI semantic comparison stdio MCP server to the editor so Copilot agent mode can discover and launch its tools; mapped through RTM (VHS-REQ-662).
src/mcp/viSemanticMcpServerDeps.ts,mapped,Yes,VI semantic MCP server dependency-wiring builder assembling the injected orchestrator set and binding compare_vi_revisions to the shared comparison-model cache for the stdio entrypoint; mapped through RTM (VHS-REQ-662).
src/semantic/viSemanticNarrativeCache.ts,mapped,Yes,Source Control semantic change narrative cache (pure key plus file-backed store) and report-to-narrative recorder mapped to VHS-REQ-660.
src/ui/viSemanticDecorationProvider.ts,mapped,Yes,Source Control semantic change file decoration provider mapped to VHS-REQ-660.
tests/unit/viSemanticModel.test.ts,mapped,Yes,VI semantic comparison model and narrative unit tests mapped to VHS-REQ-662.
tests/unit/viSemanticComparisonMcp.test.ts,mapped,Yes,VI semantic MCP handler protocol unit tests mapped to VHS-REQ-662.
tests/unit/viSemanticMcpServerProvider.test.ts,mapped,Yes,VI semantic MCP server provider registration unit tests mapped to VHS-REQ-662.
tests/unit/viSemanticMcpServerDeps.test.ts,mapped,Yes,VI semantic MCP server dependency-wiring unit tests covering the four injected tools and the compare_vi_revisions cache binding mapped to VHS-REQ-662.
tests/unit/viSemanticNarrativeCache.test.ts,mapped,Yes,Source Control semantic narrative cache and recorder unit tests mapped to VHS-REQ-660.
tests/unit/viSemanticDecorationProvider.test.ts,mapped,Yes,Source Control semantic change decoration provider unit tests mapped to VHS-REQ-660.
tests/unit/compareViRevisions.test.ts,mapped,Yes,compare_vi_revisions orchestrator unit tests covering completed and blocked and failed outcomes plus input-boundary validation mapped to VHS-REQ-662.
tests/unit/viComparisonModelCache.test.ts,mapped,Yes,Comparison-model cache key and file-backed store unit tests covering round-trip miss invalid-key schema-drift and best-effort write mapped to VHS-REQ-662.
tests/unit/viSemanticHistory.test.ts,mapped,Yes,VI semantic history orchestrator unit tests covering timeline aggregation blocked-step handling depth bounding and input validation mapped to VHS-REQ-662.
tests/unit/viSemanticReviewMarkdown.test.ts,mapped,Yes,Semantic review Markdown renderer unit tests covering comparison facts and history table formatting with pipe escaping mapped to VHS-REQ-661.
tests/unit/viSemanticNoChangeDetection.test.ts,mapped,Yes,Unit tests for no-substantive-change detection covering the overview-only zero-detail-item false-positive attribute-only exclusion and completed-only entry filtering mapped to VHS-REQ-661.
tests/unit/viRepositoryIndex.test.ts,mapped,Yes,Repository VI index orchestrator unit tests covering activity ranking cap and floor bounds empty-repo and history-less VI handling mapped to VHS-REQ-662.
tests/unit/worktreeSnapshotIndex.test.ts,mapped,Yes,Working-tree snapshot retention index data model unit tests covering idempotent insert keep-last-N garbage collection disable-at-zero and fail-closed parsing mapped to VHS-REQ-641.
tests/unit/viSemanticSchemas.test.ts,mapped,Yes,VI semantic JSON Schema standard unit tests covering the subset validator constructs schema-id drift and real-model conformance mapped to VHS-REQ-662.
tests/unit/viSemanticPrReview.test.ts,mapped,Yes,VI semantic PR review aggregator and renderer unit tests mapped to VHS-REQ-661.
tests/unit/stickyPrComment.test.ts,mapped,Yes,Sticky pull-request comment planner unit tests covering create-vs-update marker matching idempotent marker prepend and earliest-match selection mapped to VHS-REQ-661.
tests/unit/runViSemanticPrReview.test.ts,mapped,Yes,VI semantic PR-review CLI argument-parser unit tests locking full-string --pr integer validation and --repo/--post-comment guards plus the stable image-path and content-hash cache-buster helpers mapped to VHS-REQ-661.
tests/unit/viComparisonReportImages.test.ts,mapped,Yes,Overview difference-image data-URI extraction and selection unit tests backing inline visual diffs in the review comment mapped to VHS-REQ-661.
tests/unit/viReviewCommitStatus.test.ts,mapped,Yes,GitHub commit-status planner unit tests covering success/failure states cap-gap and fail-on-incomplete handling mapped to VHS-REQ-661.
tests/unit/viSemanticPrReviewWorkflow.test.ts,mapped,Yes,On-demand VI semantic PR review workflow contract test mapped to VHS-REQ-661.
tests/unit/viSemanticReviewOnPrTemplate.test.ts,mapped,Yes,VI semantic review consumer auto-trigger template contract test mapped to VHS-REQ-661.
